[
{
    "model": "auth.group",
    "pk": 1,
    "fields": {
        "name": "comensales",
        "permissions": [
            [
                "view_contenttype",
                "contenttypes",
                "contenttype"
            ],
            [
                "view_orden",
                "mainApp",
                "orden"
            ],
            [
                "add_pedido",
                "mainApp",
                "pedido"
            ],
            [
                "change_pedido",
                "mainApp",
                "pedido"
            ],
            [
                "delete_pedido",
                "mainApp",
                "pedido"
            ],
            [
                "view_pedido",
                "mainApp",
                "pedido"
            ],
            [
                "view_platillo",
                "mainApp",
                "platillo"
            ],
            [
                "view_role",
                "mainApp",
                "role"
            ],
            [
                "view_subcategoria",
                "mainApp",
                "subcategoria"
            ],
            [
                "view_user",
                "mainApp",
                "user"
            ]
        ]
    }
},
{
    "model": "auth.group",
    "pk": 2,
    "fields": {
        "name": "administradores",
        "permissions": [
            [
                "add_logentry",
                "admin",
                "logentry"
            ],
            [
                "change_logentry",
                "admin",
                "logentry"
            ],
            [
                "delete_logentry",
                "admin",
                "logentry"
            ],
            [
                "view_logentry",
                "admin",
                "logentry"
            ],
            [
                "add_group",
                "auth",
                "group"
            ],
            [
                "change_group",
                "auth",
                "group"
            ],
            [
                "delete_group",
                "auth",
                "group"
            ],
            [
                "view_group",
                "auth",
                "group"
            ],
            [
                "add_permission",
                "auth",
                "permission"
            ],
            [
                "change_permission",
                "auth",
                "permission"
            ],
            [
                "delete_permission",
                "auth",
                "permission"
            ],
            [
                "view_permission",
                "auth",
                "permission"
            ],
            [
                "add_contenttype",
                "contenttypes",
                "contenttype"
            ],
            [
                "change_contenttype",
                "contenttypes",
                "contenttype"
            ],
            [
                "delete_contenttype",
                "contenttypes",
                "contenttype"
            ],
            [
                "view_contenttype",
                "contenttypes",
                "contenttype"
            ],
            [
                "add_categoria",
                "mainApp",
                "categoria"
            ],
            [
                "change_categoria",
                "mainApp",
                "categoria"
            ],
            [
                "delete_categoria",
                "mainApp",
                "categoria"
            ],
            [
                "view_categoria",
                "mainApp",
                "categoria"
            ],
            [
                "add_orden",
                "mainApp",
                "orden"
            ],
            [
                "change_orden",
                "mainApp",
                "orden"
            ],
            [
                "delete_orden",
                "mainApp",
                "orden"
            ],
            [
                "view_orden",
                "mainApp",
                "orden"
            ],
            [
                "add_pedido",
                "mainApp",
                "pedido"
            ],
            [
                "change_pedido",
                "mainApp",
                "pedido"
            ],
            [
                "delete_pedido",
                "mainApp",
                "pedido"
            ],
            [
                "view_pedido",
                "mainApp",
                "pedido"
            ],
            [
                "add_platillo",
                "mainApp",
                "platillo"
            ],
            [
                "change_platillo",
                "mainApp",
                "platillo"
            ],
            [
                "delete_platillo",
                "mainApp",
                "platillo"
            ],
            [
                "view_platillo",
                "mainApp",
                "platillo"
            ],
            [
                "add_role",
                "mainApp",
                "role"
            ],
            [
                "change_role",
                "mainApp",
                "role"
            ],
            [
                "delete_role",
                "mainApp",
                "role"
            ],
            [
                "view_role",
                "mainApp",
                "role"
            ],
            [
                "add_subcategoria",
                "mainApp",
                "subcategoria"
            ],
            [
                "change_subcategoria",
                "mainApp",
                "subcategoria"
            ],
            [
                "delete_subcategoria",
                "mainApp",
                "subcategoria"
            ],
            [
                "view_subcategoria",
                "mainApp",
                "subcategoria"
            ],
            [
                "add_user",
                "mainApp",
                "user"
            ],
            [
                "change_user",
                "mainApp",
                "user"
            ],
            [
                "delete_user",
                "mainApp",
                "user"
            ],
            [
                "view_user",
                "mainApp",
                "user"
            ],
            [
                "add_session",
                "sessions",
                "session"
            ],
            [
                "change_session",
                "sessions",
                "session"
            ],
            [
                "delete_session",
                "sessions",
                "session"
            ],
            [
                "view_session",
                "sessions",
                "session"
            ]
        ]
    }
},
{
    "model": "sessions.session",
    "pk": "2fw78edkg8rkog69fubei5x3tl57w1el",
    "fields": {
        "session_data": ".eJxVjMEOwiAQBf-FsyFQYAGP3v0GsrAgVQNJaU_Gf9cmPej1zcx7sYDbWsM28hJmYmcm2el3i5geue2A7thunafe1mWOfFf4QQe_dsrPy-H-HVQc9Vsb4clasFpBkRCnJFFl4QiKU-hJGAIyVACyd05ENwlS2mqvpQDvErL3B8WzNv0:1q5DuL:vdpRZ7Qkwzgm8x5CN_hcLu-Tp4Kxx-ZwUNh13g9LAqE",
        "expire_date": "2023-06-16T23:10:09.549Z"
    }
},
{
    "model": "sessions.session",
    "pk": "8fwechehbwc3lxoy3hgmy40rno6qmmg1",
    "fields": {
        "session_data": ".eJxVjMEOwiAQBf-FsyFQYAGP3v0GsrAgVQNJaU_Gf9cmPej1zcx7sYDbWsM28hJmYmcm2el3i5geue2A7thunafe1mWOfFf4QQe_dsrPy-H-HVQc9Vsb4clasFpBkRCnJFFl4QiKU-hJGAIyVACyd05ENwlS2mqvpQDvErL3B8WzNv0:1py2Lg:yQYIvlHg22dlV9ebQnwnXHjmLc-OE3j7QywN2ObUYm0",
        "expire_date": "2023-05-28T03:24:40.346Z"
    }
},
{
    "model": "sessions.session",
    "pk": "8i2hz16oioqxr9233zidmdhyvrts6lk1",
    "fields": {
        "session_data": ".eJxVjMEOwiAQBf-FsyFQYAGP3v0GsrAgVQNJaU_Gf9cmPej1zcx7sYDbWsM28hJmYmcm2el3i5geue2A7thunafe1mWOfFf4QQe_dsrPy-H-HVQc9Vsb4clasFpBkRCnJFFl4QiKU-hJGAIyVACyd05ENwlS2mqvpQDvErL3B8WzNv0:1q0DKQ:ubH7pk6cW5ewz_HzIhAeBoPmSZepQ1Vim82E7OHkawY",
        "expire_date": "2023-06-03T03:32:22.222Z"
    }
},
{
    "model": "sessions.session",
    "pk": "aj25hhldre6872cu85lm2stngvmzi8bc",
    "fields": {
        "session_data": ".eJxVjMEOwiAQBf-FsyFQYAGP3v0GsrAgVQNJaU_Gf9cmPej1zcx7sYDbWsM28hJmYmcm2el3i5geue2A7thunafe1mWOfFf4QQe_dsrPy-H-HVQc9Vsb4clasFpBkRCnJFFl4QiKU-hJGAIyVACyd05ENwlS2mqvpQDvErL3B8WzNv0:1pwnWy:diRV6M7-dsi3A5z6JywRFTn1hdVb9CHcr3Ka6MpO0Rc",
        "expire_date": "2023-05-24T17:23:12.877Z"
    }
},
{
    "model": "sessions.session",
    "pk": "b6gaalh0o8vnr6yp8yaqj54xh89f4lrg",
    "fields": {
        "session_data": ".eJxVjMEOwiAQBf-FsyFQYAGP3v0GsrAgVQNJaU_Gf9cmPej1zcx7sYDbWsM28hJmYmcm2el3i5geue2A7thunafe1mWOfFf4QQe_dsrPy-H-HVQc9Vsb4clasFpBkRCnJFFl4QiKU-hJGAIyVACyd05ENwlS2mqvpQDvErL3B8WzNv0:1pzjSC:lfsPjKSFsK2S-GUpkiMc0Xe_bmWR_mtMktwHdos01qk",
        "expire_date": "2023-06-01T19:38:24.754Z"
    }
},
{
    "model": "sessions.session",
    "pk": "f9uhneyrpfkicl29ykdokt84vqaer3jp",
    "fields": {
        "session_data": ".eJxVjMEOwiAQBf-FsyFQYAGP3v0GsrAgVQNJaU_Gf9cmPej1zcx7sYDbWsM28hJmYmcm2el3i5geue2A7thunafe1mWOfFf4QQe_dsrPy-H-HVQc9Vsb4clasFpBkRCnJFFl4QiKU-hJGAIyVACyd05ENwlS2mqvpQDvErL3B8WzNv0:1pvQh8:U_ncTZFPcCRanjECKy1-voYIUnWmUJwT8r8G4fRBW0I",
        "expire_date": "2023-05-20T22:48:02.106Z"
    }
},
{
    "model": "sessions.session",
    "pk": "lwb3xw0abgzo8p6kz2t75cfsnb2d1x5y",
    "fields": {
        "session_data": ".eJxVjMEOwiAQBf-FsyFQYAGP3v0GsrAgVQNJaU_Gf9cmPej1zcx7sYDbWsM28hJmYmcm2el3i5geue2A7thunafe1mWOfFf4QQe_dsrPy-H-HVQc9Vsb4clasFpBkRCnJFFl4QiKU-hJGAIyVACyd05ENwlS2mqvpQDvErL3B8WzNv0:1q4oGY:0QW18zyycGOHYMzpp17bDAesmouDRb9M7UUwuzjGqJ8",
        "expire_date": "2023-06-15T19:47:22.095Z"
    }
},
{
    "model": "sessions.session",
    "pk": "mz58tiflz2tq1bb4xtdubufm5agcm86s",
    "fields": {
        "session_data": ".eJxVjMEOwiAQBf-FsyFQYAGP3v0GsrAgVQNJaU_Gf9cmPej1zcx7sYDbWsM28hJmYmcm2el3i5geue2A7thunafe1mWOfFf4QQe_dsrPy-H-HVQc9Vsb4clasFpBkRCnJFFl4QiKU-hJGAIyVACyd05ENwlS2mqvpQDvErL3B8WzNv0:1q0uFg:00MnyXLBsLpVSUkS-gBjVPf1XiR-WlUhmoC4dgydKws",
        "expire_date": "2023-06-05T01:22:20.943Z"
    }
},
{
    "model": "sessions.session",
    "pk": "pn346i7k0udwyyuj024739vbgcoko1gs",
    "fields": {
        "session_data": ".eJxVjMEOwiAQBf-FsyFQYAGP3v0GsrAgVQNJaU_Gf9cmPej1zcx7sYDbWsM28hJmYmcm2el3i5geue2A7thunafe1mWOfFf4QQe_dsrPy-H-HVQc9Vsb4clasFpBkRCnJFFl4QiKU-hJGAIyVACyd05ENwlS2mqvpQDvErL3B8WzNv0:1py1aX:cU-9e_tula2dR2Vw9Ida_oNYsGDxXJPcv2EbmRjVmLk",
        "expire_date": "2023-05-28T02:35:57.816Z"
    }
},
{
    "model": "sessions.session",
    "pk": "rapyo5ezz4ulbf984z903vnw0dq3p5wm",
    "fields": {
        "session_data": ".eJxVjMEOwiAQBf-FsyFQYAGP3v0GsrAgVQNJaU_Gf9cmPej1zcx7sYDbWsM28hJmYmcm2el3i5geue2A7thunafe1mWOfFf4QQe_dsrPy-H-HVQc9Vsb4clasFpBkRCnJFFl4QiKU-hJGAIyVACyd05ENwlS2mqvpQDvErL3B8WzNv0:1q4mxn:guQSmwfY978cpYKT-daYslQy3zcKPDzntJv0mvKZclY",
        "expire_date": "2023-06-15T18:23:55.978Z"
    }
},
{
    "model": "sessions.session",
    "pk": "ugv4ithuw04q45rncyvktb2fimjqz7tu",
    "fields": {
        "session_data": ".eJxVjMEOwiAQBf-FsyFQYAGP3v0GsrAgVQNJaU_Gf9cmPej1zcx7sYDbWsM28hJmYmcm2el3i5geue2A7thunafe1mWOfFf4QQe_dsrPy-H-HVQc9Vsb4clasFpBkRCnJFFl4QiKU-hJGAIyVACyd05ENwlS2mqvpQDvErL3B8WzNv0:1q5BwT:StXMf87Ykn59SbmgzKI1J_RskO8vMBGfG5jisban7WQ",
        "expire_date": "2023-06-16T21:04:13.609Z"
    }
},
{
    "model": "sessions.session",
    "pk": "w5plhlc8ub9sbdrqtq833ssju4ip6csq",
    "fields": {
        "session_data": ".eJxVjMEOwiAQBf-FsyFQYAGP3v0GsrAgVQNJaU_Gf9cmPej1zcx7sYDbWsM28hJmYmcm2el3i5geue2A7thunafe1mWOfFf4QQe_dsrPy-H-HVQc9Vsb4clasFpBkRCnJFFl4QiKU-hJGAIyVACyd05ENwlS2mqvpQDvErL3B8WzNv0:1q5CZ2:LaPL3iK9hx1KLYm_jaZ8-HeRcL-vjqBnoigjaPZ5Lq0",
        "expire_date": "2023-06-16T21:44:04.432Z"
    }
},
{
    "model": "mainApp.user",
    "pk": 1,
    "fields": {
        "password": "pbkdf2_sha256$390000$p1PfuMeRiVgUO1v1OGucT6$Y+VKrRfrvKhWRrjK5reSd5kuXh3WnZhTWP0cnJral8g=",
        "last_login": "2023-06-02T23:10:09.538Z",
        "is_superuser": true,
        "username": "admin",
        "first_name": "",
        "last_name": "",
        "is_staff": true,
        "is_active": true,
        "date_joined": "2023-04-21T23:25:47Z",
        "email": "admin@50amigos.com",
        "groups": [
            [
                "administradores"
            ]
        ],
        "user_permissions": []
    }
},
{
    "model": "mainApp.user",
    "pk": 3,
    "fields": {
        "password": "pbkdf2_sha256$390000$AhGBaI2yAYyOvYtJ60soJT$KORmOHvuxM03JV59ThUx6B4wW/OiY/e65AA81qxOxT0=",
        "last_login": null,
        "is_superuser": false,
        "username": "mesa1",
        "first_name": "",
        "last_name": "",
        "is_staff": false,
        "is_active": true,
        "date_joined": "2023-05-09T01:12:10Z",
        "email": "mesa1@50amigos.com",
        "groups": [
            [
                "comensales"
            ]
        ],
        "user_permissions": []
    }
},
{
    "model": "mainApp.user",
    "pk": 4,
    "fields": {
        "password": "pbkdf2_sha256$390000$4XFt1vkcIZ5Nm8kimodT4B$kkqqFmZznupqsoUzxVgsh0i20iQwHHWWj0+sZ0xjFuc=",
        "last_login": null,
        "is_superuser": false,
        "username": "mesa2",
        "first_name": "",
        "last_name": "",
        "is_staff": false,
        "is_active": true,
        "date_joined": "2023-05-09T01:12:50Z",
        "email": "mesa2@50amigos.com",
        "groups": [
            [
                "comensales"
            ]
        ],
        "user_permissions": []
    }
},
{
    "model": "mainApp.user",
    "pk": 5,
    "fields": {
        "password": "pbkdf2_sha256$390000$Kekc4CC2lAPDnJ3kGjbcvq$K2X6ep/D0T1J8hmhlb8C0gnnbXzGq8/UUalzoCbyLsI=",
        "last_login": null,
        "is_superuser": false,
        "username": "mesa3",
        "first_name": "",
        "last_name": "",
        "is_staff": false,
        "is_active": true,
        "date_joined": "2023-05-09T01:13:33Z",
        "email": "mesa3@50amigos.com",
        "groups": [
            [
                "comensales"
            ]
        ],
        "user_permissions": []
    }
},
{
    "model": "mainApp.user",
    "pk": 6,
    "fields": {
        "password": "pbkdf2_sha256$390000$6QP52MkkApgXtRZnPMvRXv$DOq2OVRpO23OcDVcnJErTW84Mw51ri7c3YaHzxokD7o=",
        "last_login": null,
        "is_superuser": false,
        "username": "mesa4",
        "first_name": "",
        "last_name": "",
        "is_staff": false,
        "is_active": true,
        "date_joined": "2023-05-09T01:13:57Z",
        "email": "mesa4@50amigos.com",
        "groups": [
            [
                "comensales"
            ]
        ],
        "user_permissions": []
    }
},
{
    "model": "mainApp.user",
    "pk": 7,
    "fields": {
        "password": "pbkdf2_sha256$390000$MMa67aMWtDDBeKY5k035ze$3zf3LZxU3sna2ngDtyrDAS+4Ouvfh2M49i6qfoNUP+I=",
        "last_login": null,
        "is_superuser": false,
        "username": "mesa5",
        "first_name": "",
        "last_name": "",
        "is_staff": false,
        "is_active": true,
        "date_joined": "2023-05-09T01:14:30Z",
        "email": "mesa5@50amigos.com",
        "groups": [
            [
                "comensales"
            ]
        ],
        "user_permissions": []
    }
},
{
    "model": "mainApp.user",
    "pk": 8,
    "fields": {
        "password": "pbkdf2_sha256$390000$f89GrdXqwV9unP3r5gm4JD$FtLputhpJcymbOVg3rqASfNjE10N0l0ChyfKnWlS69A=",
        "last_login": null,
        "is_superuser": false,
        "username": "mesa6",
        "first_name": "",
        "last_name": "",
        "is_staff": false,
        "is_active": true,
        "date_joined": "2023-05-09T01:14:50Z",
        "email": "mesa6@50amigos.com",
        "groups": [
            [
                "comensales"
            ]
        ],
        "user_permissions": []
    }
},
{
    "model": "mainApp.categoria",
    "pk": 10000,
    "fields": {
        "nombre": "Entradas"
    }
},
{
    "model": "mainApp.categoria",
    "pk": 10001,
    "fields": {
        "nombre": "Platos fuertes"
    }
},
{
    "model": "mainApp.categoria",
    "pk": 10002,
    "fields": {
        "nombre": "Especiales del mes"
    }
},
{
    "model": "mainApp.categoria",
    "pk": 10003,
    "fields": {
        "nombre": "Postres"
    }
},
{
    "model": "mainApp.categoria",
    "pk": 10004,
    "fields": {
        "nombre": "Bebidas"
    }
},
{
    "model": "mainApp.categoria",
    "pk": 10005,
    "fields": {
        "nombre": "Helados"
    }
},
{
    "model": "mainApp.subcategoria",
    "pk": 1,
    "fields": {
        "nombre": "Antojitos",
        "categoria": 10001
    }
},
{
    "model": "mainApp.subcategoria",
    "pk": 2,
    "fields": {
        "nombre": "Bebidas embotelladas",
        "categoria": 10004
    }
},
{
    "model": "mainApp.subcategoria",
    "pk": 4,
    "fields": {
        "nombre": "Retornables",
        "categoria": 10004
    }
},
{
    "model": "mainApp.subcategoria",
    "pk": 6,
    "fields": {
        "nombre": "Clásicos",
        "categoria": 10000
    }
},
{
    "model": "mainApp.subcategoria",
    "pk": 7,
    "fields": {
        "nombre": "Clásicos",
        "categoria": 10005
    }
},
{
    "model": "mainApp.subcategoria",
    "pk": 8,
    "fields": {
        "nombre": "Platillos Italianos",
        "categoria": 10002
    }
},
{
    "model": "mainApp.subcategoria",
    "pk": 10000,
    "fields": {
        "nombre": "Cremas",
        "categoria": 10000
    }
},
{
    "model": "mainApp.subcategoria",
    "pk": 10003,
    "fields": {
        "nombre": "Pasteles",
        "categoria": 10003
    }
},
{
    "model": "mainApp.subcategoria",
    "pk": 10004,
    "fields": {
        "nombre": "Pays",
        "categoria": 10003
    }
},
{
    "model": "mainApp.subcategoria",
    "pk": 10006,
    "fields": {
        "nombre": "Preparados de fruta",
        "categoria": 10003
    }
},
{
    "model": "mainApp.subcategoria",
    "pk": 10007,
    "fields": {
        "nombre": "Aguas frescas",
        "categoria": 10004
    }
},
{
    "model": "mainApp.subcategoria",
    "pk": 10009,
    "fields": {
        "nombre": "Carnes",
        "categoria": 10001
    }
},
{
    "model": "mainApp.subcategoria",
    "pk": 10010,
    "fields": {
        "nombre": "Pescados y mariscos",
        "categoria": 10001
    }
},
{
    "model": "mainApp.subcategoria",
    "pk": 10011,
    "fields": {
        "nombre": "Vegetarianos",
        "categoria": 10001
    }
},
{
    "model": "mainApp.platillo",
    "pk": 1,
    "fields": {
        "nombre": "Flautas de pollo",
        "descripcion": "Flautas crujientes de tortilla de maíz rellenas de pollo deshebrado y sazonado, acompañadas de lechuga, crema, queso fresco y salsa verde.",
        "imagen": "/static/img/platillos/flautas.jpg",
        "categoria": 10001,
        "subcategoria": 1,
        "precio": "100.00",
        "ingredientes": "Tortillas de maíz, pollo deshebrado, lechuga, crema, queso fresco, salsa verde.",
        "alergenos": null
    }
},
{
    "model": "mainApp.platillo",
    "pk": 2,
    "fields": {
        "nombre": "Gordita de carnitas con salsa roja",
        "descripcion": "Popular platillo de la gastronomía mexicana que consiste en una tortilla de maíz hecha a mano, rellena de carne de cerdo maciza sazonada y cocinada a fuego lento.",
        "imagen": "/static/img/platillos/gordita_maciza.png",
        "categoria": 10001,
        "subcategoria": 1,
        "precio": "50.00",
        "ingredientes": "Masa de maíz, carne de cerdo maciza, salsa roja, cebolla, cilantro, queso fresco.",
        "alergenos": null
    }
},
{
    "model": "mainApp.platillo",
    "pk": 3,
    "fields": {
        "nombre": "Botella de agua",
        "descripcion": "Agua embotellada de 600 ml",
        "imagen": "/static/img/platillos/bonafont_600ml.jpg",
        "categoria": 10004,
        "subcategoria": 2,
        "precio": "20.00",
        "ingredientes": "Agua natural",
        "alergenos": null
    }
},
{
    "model": "mainApp.platillo",
    "pk": 4,
    "fields": {
        "nombre": "Coca-cola",
        "descripcion": "Refresco de 600 ml",
        "imagen": "/static/img/platillos/coca_cola_600.jpg",
        "categoria": 10004,
        "subcategoria": 2,
        "precio": "25.00",
        "ingredientes": "Agua carbonatada, azúcar, colorante caramelo, ácido fosfórico, saborizantes naturales (incluyendo cafeína).",
        "alergenos": null
    }
},
{
    "model": "mainApp.platillo",
    "pk": 5,
    "fields": {
        "nombre": "Sidral",
        "descripcion": "Bebida carbonatada de 600 ml con sabor a sidra, que ofrece un sabor dulce y refrescante con un toque frutal.",
        "imagen": "/static/img/platillos/sidral_600.jpg",
        "categoria": 10004,
        "subcategoria": 2,
        "precio": "25.00",
        "ingredientes": "Agua carbonatada, azúcar, ácido cítrico, saborizante natural y artificial de sidra, conservadores (benzoato de sodio y sorbato de potasio), colorante caramelo, antioxidante (ácido ascórbico).",
        "alergenos": null
    }
},
{
    "model": "mainApp.platillo",
    "pk": 6,
    "fields": {
        "nombre": "Boing mango",
        "descripcion": "Jugo sabor mango de 355 ml.",
        "imagen": "/static/img/platillos/boing_mango_retornable.jpg",
        "categoria": 10004,
        "subcategoria": 4,
        "precio": "25.00",
        "ingredientes": "Agua, pulpa de mango, azúcar o edulcorantes, ácido cítrico, antioxidantes.",
        "alergenos": null
    }
},
{
    "model": "mainApp.platillo",
    "pk": 9,
    "fields": {
        "nombre": "Arroz blanco con verduras",
        "descripcion": "Un plato sabroso y nutritivo que combina arroz blanco cocido con una variedad de verduras frescas salteadas.",
        "imagen": "/static/img/platillos/arroz_blanco_con_verduras.jpg",
        "categoria": 10000,
        "subcategoria": 6,
        "precio": "50.00",
        "ingredientes": "Arroz blanco, zanahorias, guisantes, pimientos, cebolla, ajo, aceite de oliva, sal, pimienta.",
        "alergenos": null
    }
},
{
    "model": "mainApp.platillo",
    "pk": 10,
    "fields": {
        "nombre": "Sopa de letras",
        "descripcion": "Una clásica sopa con fideos en forma de letras sumergidos en un caldo aromático.",
        "imagen": "/static/img/platillos/sopa_de_letras.jpg",
        "categoria": 10000,
        "subcategoria": 6,
        "precio": "50.00",
        "ingredientes": "Fideos de letras, caldo de pollo o verduras, jitomate, zanahorias, apio, cebolla, ajo, sal, pimienta.",
        "alergenos": null
    }
},
{
    "model": "mainApp.platillo",
    "pk": 11,
    "fields": {
        "nombre": "Helado de chocolate",
        "descripcion": "Es un postre cremoso y refrescante que combina la dulzura del helado con el intenso sabor a chocolate.",
        "imagen": "/static/img/platillos/helado_chocolate_act.jpg",
        "categoria": 10005,
        "subcategoria": 7,
        "precio": "0.00",
        "ingredientes": "Leche, crema de leche, azúcar, yemas de huevo, cacao en polvo, chocolate negro (o chocolate con leche), extracto de vainilla.",
        "alergenos": null
    }
},
{
    "model": "mainApp.platillo",
    "pk": 12,
    "fields": {
        "nombre": "Helado de fresa",
        "descripcion": "El helado de fresa es un postre refrescante y delicioso que captura el sabor dulce y natural de las fresas frescas. Es suave, cremoso y perfecto para disfrutar en días calurosos.",
        "imagen": "/static/img/platillos/helado_fresa.jpg",
        "categoria": 10005,
        "subcategoria": 7,
        "precio": "0.00",
        "ingredientes": "Leche, crema de leche, azúcar, fresas frescas, yemas de huevo, extracto de vainilla.",
        "alergenos": null
    }
},
{
    "model": "mainApp.platillo",
    "pk": 13,
    "fields": {
        "nombre": "Helado de vainilla",
        "descripcion": "El helado de vainilla es un clásico atemporal y versátil que destaca por su sabor suave y cremoso.",
        "imagen": "/static/img/platillos/helado_vainilla_act.jpg",
        "categoria": 10005,
        "subcategoria": 7,
        "precio": "0.00",
        "ingredientes": "Leche, crema de leche, azúcar, yemas de huevo, extracto de vainilla.",
        "alergenos": null
    }
},
{
    "model": "mainApp.platillo",
    "pk": 14,
    "fields": {
        "nombre": "Helado de limón",
        "descripcion": "El helado de limón es una opción refrescante y ácida para los amantes de los sabores cítricos.",
        "imagen": "/static/img/platillos/helado_limon.jpg",
        "categoria": 10005,
        "subcategoria": 7,
        "precio": "0.00",
        "ingredientes": "Leche, crema de leche, azúcar, jugo de limón fresco, ralladura de limón, yemas de huevo.",
        "alergenos": null
    }
},
{
    "model": "mainApp.platillo",
    "pk": 16,
    "fields": {
        "nombre": "Consomé de pollo",
        "descripcion": "Caldo de pollo con trozos de carne, con granos de arroz o cebada, pasta, zanahoria, papa amarilla y cebolla blanca",
        "imagen": "/static/img/platillos/consome_pollo.jpg",
        "categoria": 10000,
        "subcategoria": 6,
        "precio": "50.00",
        "ingredientes": "Trozos de carne de pollo, con granos de arroz o cebada, pasta, zanahoria, papa amarilla y cebolla blanca.",
        "alergenos": null
    }
},
{
    "model": "mainApp.platillo",
    "pk": 17,
    "fields": {
        "nombre": "Crema de elote",
        "descripcion": "Una deliciosa crema que destaca el sabor dulce y suave del elote. Se elabora con elote fresco desgranado, cebolla, ajo, caldo de verduras y crema.",
        "imagen": "/static/img/platillos/crema_elote_im.jpg",
        "categoria": 10000,
        "subcategoria": 10000,
        "precio": "50.00",
        "ingredientes": "Elote desgranado, cebolla, ajo, caldo de verduras, crema, mantequilla, sal, pimienta.",
        "alergenos": null
    }
},
{
    "model": "mainApp.platillo",
    "pk": 18,
    "fields": {
        "nombre": "Crema de champiñones",
        "descripcion": "Una suave y reconfortante crema hecha con champiñones frescos, cebolla, ajo, caldo de champiñones y crema.",
        "imagen": "/static/img/platillos/crema_de_champinones.jpg",
        "categoria": 10000,
        "subcategoria": 10000,
        "precio": "50.00",
        "ingredientes": "Champiñones frescos, cebolla, ajo, caldo de champiñones, crema, mantequilla, sal, pimienta.",
        "alergenos": null
    }
},
{
    "model": "mainApp.platillo",
    "pk": 19,
    "fields": {
        "nombre": "Crema de zanahoria",
        "descripcion": "Una suave crema elaborada con zanahorias frescas, cebolla, ajo, caldo de verduras y crema. La crema de zanahoria es reconfortante y tiene un sabor ligeramente dulce.",
        "imagen": "/static/img/platillos/crema_de_zanahoria.jpg",
        "categoria": 10000,
        "subcategoria": 10000,
        "precio": "50.00",
        "ingredientes": "Zanahorias, cebolla, ajo, caldo de verduras, crema, mantequilla, sal, pimienta.",
        "alergenos": null
    }
},
{
    "model": "mainApp.platillo",
    "pk": 21,
    "fields": {
        "nombre": "Lomo de res a la parrilla",
        "descripcion": "Jugoso lomo de res a la parrilla, acompañado de papas asadas y vegetales salteados.",
        "imagen": "/static/img/platillos/lomo_de_res.jpg",
        "categoria": 10001,
        "subcategoria": 10009,
        "precio": "280.00",
        "ingredientes": "Lomo de res, sal, pimienta, aceite de oliva, papas, vegetales mixtos (zanahorias, brócoli, pimientos).",
        "alergenos": null
    }
},
{
    "model": "mainApp.platillo",
    "pk": 22,
    "fields": {
        "nombre": "Pollo a la parrilla con chimichurri",
        "descripcion": "Pechuga de pollo a la parrilla cubierta con chimichurri fresco, acompañada de vegetales frescos.",
        "imagen": "/static/img/platillos/pollo_ch.jpg",
        "categoria": 10001,
        "subcategoria": 10009,
        "precio": "220.00",
        "ingredientes": "Pechuga de pollo, aceite de oliva, ajo, perejil, orégano, vinagre, limón, sal, pimienta, papas, mantequilla, leche, espárragos.",
        "alergenos": null
    }
},
{
    "model": "mainApp.platillo",
    "pk": 23,
    "fields": {
        "nombre": "Costillas de cerdo glaseadas",
        "descripcion": "Jugosas costillas de cerdo glaseadas con una salsa agridulce, servidas con papas fritas y vegetales.",
        "imagen": "/static/img/platillos/costillas_cerdo_pat.jpg",
        "categoria": 10001,
        "subcategoria": 10009,
        "precio": "240.00",
        "ingredientes": "Costillas de cerdo, salsa de soja, miel, ketchup, vinagre de manzana, puré de batatas, col, zanahoria, mayonesa, azúcar, vinagre, mostaza, sal, pimienta.",
        "alergenos": null
    }
},
{
    "model": "mainApp.platillo",
    "pk": 24,
    "fields": {
        "nombre": "Filete de ternera con reducción de vino tinto",
        "descripcion": "Tierno filete de ternera a la parrilla con una deliciosa reducción de vino tinto, acompañado de papas gratinadas y espárragos.",
        "imagen": "/static/img/platillos/filete_parrilla.jpg",
        "categoria": 10001,
        "subcategoria": 10009,
        "precio": "350.00",
        "ingredientes": "Filete de ternera, vino tinto, caldo de carne, mantequilla, papas, queso Gruy├¿re, espárragos, sal, pimienta.",
        "alergenos": null
    }
},
{
    "model": "mainApp.platillo",
    "pk": 25,
    "fields": {
        "nombre": "Salmón al horno con salsa de limón",
        "descripcion": "Filete de salmón jugoso y tierno al horno con una deliciosa salsa de limón, servido con arroz integral y espárragos.",
        "imagen": "/static/img/platillos/filete_salmon.jpg",
        "categoria": 10001,
        "subcategoria": 10010,
        "precio": "220.00",
        "ingredientes": "Filete de salmón, limón, mantequilla, ajo, perejil, sal, pimienta, arroz integral, espárragos.",
        "alergenos": null
    }
},
{
    "model": "mainApp.platillo",
    "pk": 26,
    "fields": {
        "nombre": "Pescado a la Veracruzana con arroz",
        "descripcion": "Filete de pescado al horno con una salsa de tomate, aceitunas, alcaparras y pimientos, servido con arroz blanco.",
        "imagen": "\\static\\img\\platillos\\pescado_veracruzana.jpg",
        "categoria": 10001,
        "subcategoria": 10010,
        "precio": "190.00",
        "ingredientes": "Filete de pescado blanco, tomate, cebolla, aceitunas, alcaparras, pimientos, ajo, aceite de oliva, jugo de limón, sal, pimienta, arroz blanco.",
        "alergenos": null
    }
},
{
    "model": "mainApp.platillo",
    "pk": 27,
    "fields": {
        "nombre": "Pasta Alfredo con camarones",
        "descripcion": "Pasta al dente con una cremosa salsa Alfredo y camarones jugosos, decorada con perejil fresco.",
        "imagen": "\\static\\img\\platillos\\pasta_alfredo.jpg",
        "categoria": 10001,
        "subcategoria": 10010,
        "precio": "180.00",
        "ingredientes": "Pasta, camarones, crema, mantequilla, ajo, queso parmesano, sal, pimienta, perejil.",
        "alergenos": null
    }
},
{
    "model": "mainApp.platillo",
    "pk": 28,
    "fields": {
        "nombre": "Ceviche mixto",
        "descripcion": "Una refrescante mezcla de pescado y mariscos marinados en limón, con cebolla, tomate, cilantro y ají, servido con chips de maíz.",
        "imagen": "\\static\\img\\platillos\\ceviche_mixto.jpg",
        "categoria": 10001,
        "subcategoria": 10010,
        "precio": "170.00",
        "ingredientes": "Pescado blanco, camarones, calamar, limón, cebolla morada, tomate, cilantro, ají (chile), sal, pimienta, chips de maíz.",
        "alergenos": null
    }
},
{
    "model": "mainApp.platillo",
    "pk": 29,
    "fields": {
        "nombre": "Risotto de hongos",
        "descripcion": "Un risotto cremoso y reconfortante preparado con arroz arborio y una mezcla de hongos silvestres, terminado con queso parmesano rallado y hojas de albahaca fresca.",
        "imagen": "\\static\\img\\platillos\\risotto_de_hongos.jpg",
        "categoria": 10001,
        "subcategoria": 10011,
        "precio": "190.00",
        "ingredientes": "Arroz Arborio, hongos mixtos (champiñones, porcini, shiitake), caldo de verduras, cebolla, vino blanco, mantequilla, queso parmesano, albahaca, sal, pimienta.",
        "alergenos": null
    }
},
{
    "model": "mainApp.platillo",
    "pk": 30,
    "fields": {
        "nombre": "Berenjenas rellenas de quinoa",
        "descripcion": "Berenjenas asadas rellenas de quinoa, espinacas, tomates y queso feta, gratinadas al horno.",
        "imagen": "\\static\\img\\platillos\\berenjena_quinoa_new.jpg",
        "categoria": 10001,
        "subcategoria": 10011,
        "precio": "180.00",
        "ingredientes": "Berenjenas, quinoa, espinacas, tomate, cebolla, ajo, queso feta, aceite de oliva, sal, pimienta.",
        "alergenos": null
    }
},
{
    "model": "mainApp.platillo",
    "pk": 31,
    "fields": {
        "nombre": "Enchiladas de espinacas",
        "descripcion": "Tortillas de maíz rellenas de espinacas salteadas y queso, bañadas en una salsa de tomate casera, acompañadas de arroz y frijoles.",
        "imagen": "\\static\\img\\platillos\\enchiladas_espinacas_new.jpg",
        "categoria": 10001,
        "subcategoria": 10011,
        "precio": "170.00",
        "ingredientes": "Tortillas de maíz, espinacas, queso, tomate, cebolla, ajo, chile, caldo de verduras, aceite vegetal, arroz, frijoles, sal, pimienta.",
        "alergenos": null
    }
},
{
    "model": "mainApp.platillo",
    "pk": 32,
    "fields": {
        "nombre": "Tofu salteado",
        "descripcion": "Tofu firme salteado con una variedad de vegetales frescos en una salsa de soja y jengibre, servido sobre arroz integral.",
        "imagen": "\\static\\img\\platillos\\tofu_salteado.jpg",
        "categoria": 10001,
        "subcategoria": 10011,
        "precio": "180.00",
        "ingredientes": "Tofu, vegetales mixtos (brócoli, zanahorias, pimientos), salsa de soja, jengibre, ajo, aceite de sésamo, arroz integral.",
        "alergenos": null
    }
},
{
    "model": "mainApp.platillo",
    "pk": 33,
    "fields": {
        "nombre": "Orden de tacos al pastor",
        "descripcion": "Orden de 5 tacos tradicionales de carne al pastor marinada con achiote y especias, servidos en tortillas de maíz y acompañados de cebolla, cilantro, piña y salsa taquera.",
        "imagen": "\\static\\img\\platillos\\tacos_al_pastor.jpg",
        "categoria": 10001,
        "subcategoria": 1,
        "precio": "90.00",
        "ingredientes": "Carne de cerdo marinada, achiote, especias, tortillas de maíz, cebolla, cilantro, piña, salsa taquera.",
        "alergenos": null
    }
},
{
    "model": "mainApp.platillo",
    "pk": 34,
    "fields": {
        "nombre": "Quesadillas de huitlacoche",
        "descripcion": "Quesadillas rellenas de huitlacoche, un hongo de maíz de sabor terroso y suave, acompañadas de queso Oaxaca y servidas con salsa de chile.",
        "imagen": "/static/img/platillos/quesadilla_huitlacoche.jpg",
        "categoria": 10001,
        "subcategoria": 1,
        "precio": "105.00",
        "ingredientes": "Tortillas de maíz, huitlacoche, queso Oaxaca, salsa de chile.",
        "alergenos": null
    }
},
{
    "model": "mainApp.platillo",
    "pk": 35,
    "fields": {
        "nombre": "Fresca",
        "descripcion": "Refresco sabor toronja de 600 ml",
        "imagen": "\\static\\img\\platillos\\fresca_600.jpg",
        "categoria": 10004,
        "subcategoria": 2,
        "precio": "25.00",
        "ingredientes": "Agua carbonatada, azúcar, colorante caramelo, ácido fosfórico, saborizante natural de cola, ácido cítrico, cafeína, saborizante natural de limón.",
        "alergenos": null
    }
},
{
    "model": "mainApp.platillo",
    "pk": 36,
    "fields": {
        "nombre": "Coca-cola",
        "descripcion": "Refresco de 355 ml retornable.",
        "imagen": "\\static\\img\\platillos\\coca_cola_retornable.jpg",
        "categoria": 10004,
        "subcategoria": 4,
        "precio": "25.00",
        "ingredientes": "Agua carbonatada, azúcar, colorante caramelo, ácido fosfórico, saborizantes naturales (incluyendo cafeína).",
        "alergenos": null
    }
},
{
    "model": "mainApp.platillo",
    "pk": 37,
    "fields": {
        "nombre": "Fresca",
        "descripcion": "Refresco sabor toronja de 355 ml",
        "imagen": "\\static\\img\\platillos\\fresca_retornable_vidrio.jpg",
        "categoria": 10004,
        "subcategoria": 4,
        "precio": "25.00",
        "ingredientes": "Agua carbonatada, azúcar, colorante caramelo, ácido fosfórico, saborizante natural de cola, ácido cítrico, cafeína, saborizante natural de limón.",
        "alergenos": null
    }
},
{
    "model": "mainApp.platillo",
    "pk": 38,
    "fields": {
        "nombre": "Sidral",
        "descripcion": "Refresco de 355 ml con sabor a sidra, que ofrece un sabor dulce y refrescante con un toque frutal.",
        "imagen": "\\static\\img\\platillos\\sidral_retornable_vidrio.jpg",
        "categoria": 10004,
        "subcategoria": 4,
        "precio": "25.00",
        "ingredientes": "Agua carbonatada, azúcar, ácido cítrico, saborizante natural y artificial de sidra, conservadores (benzoato de sodio y sorbato de potasio), colorante caramelo, antioxidante (ácido ascórbico).",
        "alergenos": null
    }
},
{
    "model": "mainApp.platillo",
    "pk": 39,
    "fields": {
        "nombre": "Agua de Jamaica 1Lt",
        "descripcion": "1 litro de agua de jamaica, la cual es una bebida refrescante hecha a base de flores de hibisco secas. Tiene un sabor ligeramente ácido y dulce.",
        "imagen": "\\static\\img\\platillos\\agua_de_jamaica.jpg",
        "categoria": 10004,
        "subcategoria": 10007,
        "precio": "100.00",
        "ingredientes": "Flores de jamaica, agua, azúcar (opcional), hielo.",
        "alergenos": null
    }
},
{
    "model": "mainApp.platillo",
    "pk": 40,
    "fields": {
        "nombre": "Agua de Horchata 1Lt",
        "descripcion": "El agua de horchata es una bebida tradicional hecha con arroz, canela y azúcar. Es cremosa, dulce y refrescante, con un sabor a canela y vainilla.",
        "imagen": "\\static\\img\\platillos\\agua_horchata.jpg",
        "categoria": 10004,
        "subcategoria": 10007,
        "precio": "100.00",
        "ingredientes": "Arroz, canela, azúcar, vainilla, agua, hielo.",
        "alergenos": null
    }
},
{
    "model": "mainApp.platillo",
    "pk": 42,
    "fields": {
        "nombre": "Agua de limón y tuna 1Lt",
        "descripcion": "1 litro de agua de limón y tuna, la cual es una bebida refrescante hecha a base de limón fresco y tuna.",
        "imagen": "\\static\\img\\platillos\\agua_limon_tuna.jpg",
        "categoria": 10004,
        "subcategoria": 10007,
        "precio": "100.00",
        "ingredientes": "Limón, tuna, agua, azúcar (opcional), hielo.",
        "alergenos": null
    }
},
{
    "model": "mainApp.platillo",
    "pk": 43,
    "fields": {
        "nombre": "Pastel de chocolate (rebanada)",
        "descripcion": "Un clásico y delicioso pastel de chocolate, con capas esponjosas de bizcocho de chocolate y un rico relleno de crema o ganache de chocolate. Puede estar decorado con chocolate rallado, virutas o ganache en la parte superior.",
        "imagen": "\\static\\img\\platillos\\pastel_chocolate_rebanada.jpg",
        "categoria": 10003,
        "subcategoria": 10003,
        "precio": "50.00",
        "ingredientes": "Harina, azúcar, cacao en polvo, huevos, mantequilla, leche, vainilla, bicarbonato de sodio, polvo de hornear, sal, crema de leche o ganache de chocolate.",
        "alergenos": null
    }
},
{
    "model": "mainApp.platillo",
    "pk": 44,
    "fields": {
        "nombre": "Pastel de zanahoria (rebanada)",
        "descripcion": "Un pastel húmedo y aromático hecho con zanahorias ralladas, nueces y especias como canela y nuez moscada. Suele estar cubierto con un suave glaseado de queso crema.",
        "imagen": "\\static\\img\\platillos\\reb-zanahoria.jpg",
        "categoria": 10003,
        "subcategoria": 10003,
        "precio": "50.00",
        "ingredientes": "Zanahorias, harina, azúcar, huevos, nueces, aceite vegetal, canela, nuez moscada, bicarbonato de sodio, polvo de hornear, sal, queso crema, mantequilla, azúcar glas.",
        "alergenos": null
    }
},
{
    "model": "mainApp.platillo",
    "pk": 45,
    "fields": {
        "nombre": "Pastel de fresa (rebanada)",
        "descripcion": "Un pastel suave y ligero con capas de bizcocho de vainilla y un relleno de crema de fresa. Puede estar decorado con crema batida y fresas frescas en la parte superior.",
        "imagen": "\\static\\img\\platillos\\rebanada_fresa.jpg",
        "categoria": 10003,
        "subcategoria": 10003,
        "precio": "50.00",
        "ingredientes": "Harina, azúcar, huevos, mantequilla, leche, vainilla, polvo de hornear, sal, fresas frescas, crema de leche, azúcar glas.",
        "alergenos": null
    }
},
{
    "model": "mainApp.platillo",
    "pk": 46,
    "fields": {
        "nombre": "Pastel de limón (rebanada)",
        "descripcion": "Un pastel refrescante con un suave sabor a limón. Tiene capas de bizcocho de limón y un relleno de crema o curd de limón. Puede estar cubierto con glaseado de limón y decorado con ralladura de limón.",
        "imagen": "\\static\\img\\platillos\\rebanada_limon_pastel.jpg",
        "categoria": 10003,
        "subcategoria": 10003,
        "precio": "50.00",
        "ingredientes": "Harina, azúcar, huevos, mantequilla, leche, jugo y ralladura de limón, polvo de hornear, sal, crema de leche o curd de limón.",
        "alergenos": null
    }
},
{
    "model": "mainApp.platillo",
    "pk": 47,
    "fields": {
        "nombre": "Pay de manzana (rebanada)",
        "descripcion": "Un clásico pay con una base de masa quebrada y un relleno de manzanas cortadas en rodajas y mezcladas con azúcar y canela. La superficie suele estar cubierta de una capa de masa crujiente.",
        "imagen": "\\static\\img\\platillos\\pay_manzana.jpg",
        "categoria": 10003,
        "subcategoria": 10004,
        "precio": "50.00",
        "ingredientes": "Masa quebrada, manzanas, azúcar, canela, mantequilla, harina, jugo de limón.",
        "alergenos": null
    }
},
{
    "model": "mainApp.platillo",
    "pk": 48,
    "fields": {
        "nombre": "Pay de limón (rebanada)",
        "descripcion": "Un pay refrescante y ácido con una base de masa quebrada y un relleno de limón suave y cremoso. Se elabora con jugo y ralladura de limón, huevos y leche condensada.",
        "imagen": "\\static\\img\\platillos\\pay_limon_reb.jpg",
        "categoria": 10003,
        "subcategoria": 10004,
        "precio": "50.00",
        "ingredientes": "Masa quebrada, limones, azúcar, huevos, leche condensada, ralladura de limón.",
        "alergenos": null
    }
},
{
    "model": "mainApp.platillo",
    "pk": 49,
    "fields": {
        "nombre": "Pay de nuez (rebanada)",
        "descripcion": "Un pay rico y lleno de sabor con una base de masa quebrada y un relleno dulce y abundante de nueces, azúcar y jarabe de maíz. La superficie puede estar decorada con nueces enteras.",
        "imagen": "\\static\\img\\platillos\\pay_nuez.jpg",
        "categoria": 10003,
        "subcategoria": 10004,
        "precio": "50.00",
        "ingredientes": "Masa quebrada, nueces, azúcar, jarabe de maíz, mantequilla, huevos, vainilla.",
        "alergenos": null
    }
},
{
    "model": "mainApp.platillo",
    "pk": 50,
    "fields": {
        "nombre": "Pay de queso (rebanada)",
        "descripcion": "Un pay cremoso y suave con una base de masa quebrada y un relleno de queso crema, azúcar y huevos. Puede tener un ligero sabor a vainilla y se sirve frío.",
        "imagen": "\\static\\img\\platillos\\pay_queso.jpg",
        "categoria": 10003,
        "subcategoria": 10004,
        "precio": "50.00",
        "ingredientes": "Masa quebrada, queso crema, azúcar, huevos, vainilla.",
        "alergenos": null
    }
},
{
    "model": "mainApp.platillo",
    "pk": 51,
    "fields": {
        "nombre": "Ensalada de manzana",
        "descripcion": "Una ensalada refrescante y equilibrada que combina manzanas crujientes, nueces tostadas, pasas y una vinagreta agridulce. Es una opción deliciosa y saludable para acompañar platos principales.",
        "imagen": "\\static\\img\\platillos\\ensalada_mza.jpg",
        "categoria": 10003,
        "subcategoria": 10006,
        "precio": "55.00",
        "ingredientes": "Manzanas, nueces, pasas, jugo de limón, yogur, miel, vinagre de manzana.",
        "alergenos": null
    }
},
{
    "model": "mainApp.platillo",
    "pk": 52,
    "fields": {
        "nombre": "Ensalada de zanahoria",
        "descripcion": "Una ensalada sabrosa que combina zanahorias ralladas con ingredientes adicionales como nueces, pasas, crema, lechera y azúcar.",
        "imagen": "\\static\\img\\platillos\\ensalada_zanahoria.jpg",
        "categoria": 10003,
        "subcategoria": 10006,
        "precio": "55.00",
        "ingredientes": "Zanahorias ralladas, nueces picadas, pasas, crema, lechera, azúcar, piña.",
        "alergenos": null
    }
},
{
    "model": "mainApp.platillo",
    "pk": 53,
    "fields": {
        "nombre": "Fresas con crema",
        "descripcion": "Una ensalada dulce y refrescante que combina fresas frescas cortadas en rodajas con una cremosa y dulce salsa de crema batida o crema chantilly. Es un postre clásico y ligero que resalta el sabor naturalmente dulce de las fresas.",
        "imagen": "\\static\\img\\platillos\\fresas_crema.jpg",
        "categoria": 10003,
        "subcategoria": 10006,
        "precio": "55.00",
        "ingredientes": "Fresas frescas, crema, chantilly, azúcar (opcional), vainilla (opcional).",
        "alergenos": null
    }
},
{
    "model": "mainApp.platillo",
    "pk": 54,
    "fields": {
        "nombre": "Cóctel de frutas",
        "descripcion": "Un refrescante y colorido cóctel que combina una variedad de frutas frescas en trozos o en jugo. Es una opción refrescante y saludable que resalta los sabores naturales de las frutas y puede incluir una mezcla de frutas como piña, sandía, melón, fresas, kiwi, naranja, entre otros.",
        "imagen": "\\static\\img\\platillos\\coctel_frutas.jpg",
        "categoria": 10003,
        "subcategoria": 10006,
        "precio": "55.00",
        "ingredientes": "Frutas frescas (por ejemplo, piña, sandía, melón, fresas, kiwi, naranja), jugo de frutas (opcional).",
        "alergenos": null
    }
},
{
    "model": "mainApp.platillo",
    "pk": 55,
    "fields": {
        "nombre": "Crema de calabaza",
        "descripcion": "Una crema y reconfortante hecha con calabaza fresca, cebolla, ajo, caldo de verduras y crema. La crema de calabaza tiene un sabor dulce y suave.",
        "imagen": "\\static\\img\\platillos\\crema_de_calabaza.jpg",
        "categoria": 10000,
        "subcategoria": 10000,
        "precio": "50.00",
        "ingredientes": "Calabaza, cebolla, ajo, caldo de verduras, crema, mantequilla, sal, pimienta.",
        "alergenos": null
    }
},
{
    "model": "mainApp.platillo",
    "pk": 56,
    "fields": {
        "nombre": "Spaghetti a la crema",
        "descripcion": "Un delicioso plato de pasta elaborado con spaghetti cocido al dente y mezclado con una suave salsa a base de crema. El spaghetti a la crema es cremoso y reconfortante, con un sabor delicado y textura suave.",
        "imagen": "\\static\\img\\platillos\\spaghetti_crema.jpg",
        "categoria": 10000,
        "subcategoria": 6,
        "precio": "50.00",
        "ingredientes": "Spaghetti, crema, mantequilla, ajo, queso parmesano rallado, sal, pimienta, perejil.",
        "alergenos": null
    }
},
{
    "model": "mainApp.platillo",
    "pk": 57,
    "fields": {
        "nombre": "Lasaña",
        "descripcion": "Un clásico de la cocina italiana, la lasaña es un gratinado de capas de pasta intercaladas con salsa de carne, salsa bechamel y queso.",
        "imagen": "\\static\\img\\platillos\\lasaña.jpg",
        "categoria": 10002,
        "subcategoria": 8,
        "precio": "100.00",
        "ingredientes": "Pasta para lasaña, carne molida, salsa de tomate, cebolla, ajo, queso ricotta, queso mozzarella, queso parmesano, salsa bechamel, especias (como albahaca y orégano), sal, pimienta.",
        "alergenos": null
    }
},
{
    "model": "mainApp.platillo",
    "pk": 58,
    "fields": {
        "nombre": "Pollo al limón",
        "descripcion": "Un plato de pollo jugoso y aromático, maridado con salsa de limón y hierbas. El pollo al limón es una opción ligera y sabrosa para los amantes de los sabores cítricos.",
        "imagen": "\\static\\img\\platillos\\pollo_limon.jpg",
        "categoria": 10002,
        "subcategoria": 8,
        "precio": "120.00",
        "ingredientes": "Pechugas de pollo, limón, caldo de pollo, ajo, romero, harina, mantequilla, aceite de oliva, sal, pimienta, arroz.",
        "alergenos": null
    }
},
{
    "model": "mainApp.platillo",
    "pk": 59,
    "fields": {
        "nombre": "Saltimbocca alla Romana",
        "descripcion": "Un plato tradicional de la cocina romana que combina filetes de ternera tiernos, prosciutto (jamón crudo) y hojas de salvia, todo cocinado en una salsa de vino blanco. Es un plato elegante y sabroso.",
        "imagen": "\\static\\img\\platillos\\saltimbocca_alla_romana.jpg",
        "categoria": 10002,
        "subcategoria": 8,
        "precio": "150.00",
        "ingredientes": "Filetes de ternera, prosciutto, hojas de salvia, vino blanco, mantequilla, aceite de oliva, caldo de carne, harina, sal, pimienta.",
        "alergenos": null
    }
},
{
    "model": "mainApp.platillo",
    "pk": 60,
    "fields": {
        "nombre": "Pollo Marsala",
        "descripcion": "El pollo Marsala es un delicioso plato italiano que combina pechugas de pollo doradas en mantequilla y aceite de oliva, y luego se cocina en una salsa rica y aromática de vino Marsala. El resultado es un plato jugoso y lleno de sabor.",
        "imagen": "\\static\\img\\platillos\\pollo_marsala.jpg",
        "categoria": 10002,
        "subcategoria": 8,
        "precio": "150.00",
        "ingredientes": "Pechugas de pollo, harina, mantequilla, aceite de oliva, champiñones, cebolla, ajo, vino Marsala, caldo de pollo, perejil, sal, pimienta.",
        "alergenos": null
    }
},
{
    "model": "mainApp.platillo",
    "pk": 61,
    "fields": {
        "nombre": "Agua de Sandía 1Lt",
        "descripcion": "El agua de sandía es una refrescante y sabrosa bebida que capta el dulce sabor de la sandía. Es una opción perfecta para hidratarse y disfrutar en días calurosos.",
        "imagen": "\\static\\img\\platillos\\sandia_agua.jpg",
        "categoria": 10004,
        "subcategoria": 10007,
        "precio": "100.00",
        "ingredientes": "Sandía,agua,azúcar (opcional),jugo de limón (opcional),hielo.",
        "alergenos": ""
    }
},
{
    "model": "mainApp.orden",
    "pk": 50,
    "fields": {
        "usuario": [
            "admin"
        ],
        "fecha": "2023-05-22T01:19:31.844Z",
        "total": null,
        "comentarios": "",
        "helado_escogido": 13,
        "active": false
    }
},
{
    "model": "mainApp.orden",
    "pk": 51,
    "fields": {
        "usuario": [
            "admin"
        ],
        "fecha": "2023-06-01T16:25:05.163Z",
        "total": null,
        "comentarios": "",
        "helado_escogido": 11,
        "active": false
    }
},
{
    "model": "mainApp.orden",
    "pk": 52,
    "fields": {
        "usuario": [
            "admin"
        ],
        "fecha": "2023-06-01T17:26:46.182Z",
        "total": null,
        "comentarios": "",
        "helado_escogido": null,
        "active": false
    }
},
{
    "model": "mainApp.orden",
    "pk": 53,
    "fields": {
        "usuario": [
            "admin"
        ],
        "fecha": "2023-06-01T18:10:39.844Z",
        "total": null,
        "comentarios": "",
        "helado_escogido": 14,
        "active": true
    }
},
{
    "model": "mainApp.carrito",
    "pk": 100,
    "fields": {
        "fecha": "2023-05-22T01:20:10.383Z",
        "usuario": [
            "admin"
        ],
        "orden": 50,
        "active": false
    }
},
{
    "model": "mainApp.carrito",
    "pk": 101,
    "fields": {
        "fecha": "2023-05-22T01:23:27.309Z",
        "usuario": [
            "admin"
        ],
        "orden": 50,
        "active": false
    }
},
{
    "model": "mainApp.carrito",
    "pk": 102,
    "fields": {
        "fecha": "2023-05-22T01:28:04.235Z",
        "usuario": [
            "admin"
        ],
        "orden": 50,
        "active": false
    }
},
{
    "model": "mainApp.carrito",
    "pk": 103,
    "fields": {
        "fecha": "2023-05-22T01:28:19.070Z",
        "usuario": [
            "admin"
        ],
        "orden": 50,
        "active": false
    }
},
{
    "model": "mainApp.carrito",
    "pk": 104,
    "fields": {
        "fecha": "2023-05-22T01:28:37.310Z",
        "usuario": [
            "admin"
        ],
        "orden": 50,
        "active": false
    }
},
{
    "model": "mainApp.carrito",
    "pk": 105,
    "fields": {
        "fecha": "2023-05-22T01:29:52.442Z",
        "usuario": [
            "admin"
        ],
        "orden": 50,
        "active": false
    }
},
{
    "model": "mainApp.carrito",
    "pk": 106,
    "fields": {
        "fecha": "2023-05-22T01:31:26.800Z",
        "usuario": [
            "admin"
        ],
        "orden": 50,
        "active": false
    }
},
{
    "model": "mainApp.carrito",
    "pk": 107,
    "fields": {
        "fecha": "2023-05-22T01:32:56.591Z",
        "usuario": [
            "admin"
        ],
        "orden": 50,
        "active": false
    }
},
{
    "model": "mainApp.carrito",
    "pk": 108,
    "fields": {
        "fecha": "2023-05-22T01:33:11.193Z",
        "usuario": [
            "admin"
        ],
        "orden": 50,
        "active": false
    }
},
{
    "model": "mainApp.carrito",
    "pk": 109,
    "fields": {
        "fecha": "2023-05-22T01:34:26.508Z",
        "usuario": [
            "admin"
        ],
        "orden": 50,
        "active": false
    }
},
{
    "model": "mainApp.carrito",
    "pk": 110,
    "fields": {
        "fecha": "2023-05-22T01:34:51.063Z",
        "usuario": [
            "admin"
        ],
        "orden": 50,
        "active": false
    }
},
{
    "model": "mainApp.carrito",
    "pk": 111,
    "fields": {
        "fecha": "2023-06-01T15:14:23.415Z",
        "usuario": [
            "admin"
        ],
        "orden": 51,
        "active": false
    }
},
{
    "model": "mainApp.carrito",
    "pk": 112,
    "fields": {
        "fecha": "2023-06-01T17:26:44.826Z",
        "usuario": [
            "admin"
        ],
        "orden": 52,
        "active": false
    }
},
{
    "model": "mainApp.carrito",
    "pk": 113,
    "fields": {
        "fecha": "2023-06-01T18:10:31.630Z",
        "usuario": [
            "admin"
        ],
        "orden": 53,
        "active": true
    }
},
{
    "model": "mainApp.pedido",
    "pk": 1,
    "fields": {
        "platillo": 2,
        "cantidad": 1,
        "carrito": null
    }
},
{
    "model": "mainApp.pedido",
    "pk": 2,
    "fields": {
        "platillo": 1,
        "cantidad": 1,
        "carrito": null
    }
},
{
    "model": "mainApp.pedido",
    "pk": 3,
    "fields": {
        "platillo": 1,
        "cantidad": 1,
        "carrito": null
    }
},
{
    "model": "mainApp.pedido",
    "pk": 4,
    "fields": {
        "platillo": 2,
        "cantidad": 1,
        "carrito": null
    }
},
{
    "model": "mainApp.pedido",
    "pk": 5,
    "fields": {
        "platillo": 2,
        "cantidad": 1,
        "carrito": null
    }
},
{
    "model": "mainApp.pedido",
    "pk": 6,
    "fields": {
        "platillo": 1,
        "cantidad": 1,
        "carrito": null
    }
},
{
    "model": "mainApp.pedido",
    "pk": 7,
    "fields": {
        "platillo": 1,
        "cantidad": 2,
        "carrito": null
    }
},
{
    "model": "mainApp.pedido",
    "pk": 8,
    "fields": {
        "platillo": 1,
        "cantidad": 2,
        "carrito": null
    }
},
{
    "model": "mainApp.pedido",
    "pk": 9,
    "fields": {
        "platillo": 2,
        "cantidad": 1,
        "carrito": null
    }
},
{
    "model": "mainApp.pedido",
    "pk": 10,
    "fields": {
        "platillo": 9,
        "cantidad": 4,
        "carrito": null
    }
},
{
    "model": "mainApp.pedido",
    "pk": 11,
    "fields": {
        "platillo": 9,
        "cantidad": 2,
        "carrito": null
    }
},
{
    "model": "mainApp.pedido",
    "pk": 12,
    "fields": {
        "platillo": 10,
        "cantidad": 4,
        "carrito": null
    }
},
{
    "model": "mainApp.pedido",
    "pk": 13,
    "fields": {
        "platillo": 2,
        "cantidad": 2,
        "carrito": null
    }
},
{
    "model": "mainApp.pedido",
    "pk": 14,
    "fields": {
        "platillo": 1,
        "cantidad": 3,
        "carrito": null
    }
},
{
    "model": "mainApp.pedido",
    "pk": 15,
    "fields": {
        "platillo": 1,
        "cantidad": 3,
        "carrito": null
    }
},
{
    "model": "mainApp.pedido",
    "pk": 16,
    "fields": {
        "platillo": 1,
        "cantidad": 3,
        "carrito": null
    }
},
{
    "model": "mainApp.pedido",
    "pk": 17,
    "fields": {
        "platillo": 1,
        "cantidad": 3,
        "carrito": null
    }
},
{
    "model": "mainApp.pedido",
    "pk": 18,
    "fields": {
        "platillo": 14,
        "cantidad": 1,
        "carrito": null
    }
},
{
    "model": "mainApp.pedido",
    "pk": 19,
    "fields": {
        "platillo": 14,
        "cantidad": 2,
        "carrito": null
    }
},
{
    "model": "mainApp.pedido",
    "pk": 20,
    "fields": {
        "platillo": 14,
        "cantidad": 2,
        "carrito": null
    }
},
{
    "model": "mainApp.pedido",
    "pk": 21,
    "fields": {
        "platillo": 10,
        "cantidad": 10,
        "carrito": null
    }
},
{
    "model": "mainApp.pedido",
    "pk": 22,
    "fields": {
        "platillo": 1,
        "cantidad": 1,
        "carrito": null
    }
},
{
    "model": "mainApp.pedido",
    "pk": 23,
    "fields": {
        "platillo": 2,
        "cantidad": 5,
        "carrito": null
    }
},
{
    "model": "mainApp.pedido",
    "pk": 24,
    "fields": {
        "platillo": 1,
        "cantidad": 1,
        "carrito": null
    }
},
{
    "model": "mainApp.pedido",
    "pk": 25,
    "fields": {
        "platillo": 2,
        "cantidad": 3,
        "carrito": null
    }
},
{
    "model": "mainApp.pedido",
    "pk": 26,
    "fields": {
        "platillo": 4,
        "cantidad": 5,
        "carrito": null
    }
},
{
    "model": "mainApp.pedido",
    "pk": 27,
    "fields": {
        "platillo": null,
        "cantidad": 4,
        "carrito": null
    }
},
{
    "model": "mainApp.pedido",
    "pk": 28,
    "fields": {
        "platillo": 1,
        "cantidad": 1,
        "carrito": null
    }
},
{
    "model": "mainApp.pedido",
    "pk": 29,
    "fields": {
        "platillo": 10,
        "cantidad": 4,
        "carrito": null
    }
},
{
    "model": "mainApp.pedido",
    "pk": 30,
    "fields": {
        "platillo": 4,
        "cantidad": 5,
        "carrito": null
    }
},
{
    "model": "mainApp.pedido",
    "pk": 31,
    "fields": {
        "platillo": 1,
        "cantidad": 3,
        "carrito": null
    }
},
{
    "model": "mainApp.pedido",
    "pk": 32,
    "fields": {
        "platillo": 1,
        "cantidad": 1,
        "carrito": null
    }
},
{
    "model": "mainApp.pedido",
    "pk": 33,
    "fields": {
        "platillo": 1,
        "cantidad": 1,
        "carrito": null
    }
},
{
    "model": "mainApp.pedido",
    "pk": 34,
    "fields": {
        "platillo": 2,
        "cantidad": 1,
        "carrito": null
    }
},
{
    "model": "mainApp.pedido",
    "pk": 35,
    "fields": {
        "platillo": 1,
        "cantidad": 5,
        "carrito": null
    }
},
{
    "model": "mainApp.pedido",
    "pk": 36,
    "fields": {
        "platillo": 2,
        "cantidad": 3,
        "carrito": null
    }
},
{
    "model": "mainApp.pedido",
    "pk": 37,
    "fields": {
        "platillo": 1,
        "cantidad": 1,
        "carrito": null
    }
},
{
    "model": "mainApp.pedido",
    "pk": 38,
    "fields": {
        "platillo": 3,
        "cantidad": 1,
        "carrito": null
    }
},
{
    "model": "mainApp.pedido",
    "pk": 39,
    "fields": {
        "platillo": 3,
        "cantidad": 3,
        "carrito": null
    }
},
{
    "model": "mainApp.pedido",
    "pk": 40,
    "fields": {
        "platillo": 1,
        "cantidad": 1,
        "carrito": null
    }
},
{
    "model": "mainApp.pedido",
    "pk": 41,
    "fields": {
        "platillo": 1,
        "cantidad": 2,
        "carrito": null
    }
},
{
    "model": "mainApp.pedido",
    "pk": 42,
    "fields": {
        "platillo": 2,
        "cantidad": 2,
        "carrito": null
    }
},
{
    "model": "mainApp.pedido",
    "pk": 43,
    "fields": {
        "platillo": 3,
        "cantidad": 4,
        "carrito": null
    }
},
{
    "model": "mainApp.pedido",
    "pk": 44,
    "fields": {
        "platillo": null,
        "cantidad": 1,
        "carrito": null
    }
},
{
    "model": "mainApp.pedido",
    "pk": 45,
    "fields": {
        "platillo": null,
        "cantidad": 1,
        "carrito": null
    }
},
{
    "model": "mainApp.pedido",
    "pk": 46,
    "fields": {
        "platillo": 3,
        "cantidad": 3,
        "carrito": null
    }
},
{
    "model": "mainApp.pedido",
    "pk": 47,
    "fields": {
        "platillo": 2,
        "cantidad": 4,
        "carrito": null
    }
},
{
    "model": "mainApp.pedido",
    "pk": 48,
    "fields": {
        "platillo": 4,
        "cantidad": 3,
        "carrito": null
    }
},
{
    "model": "mainApp.pedido",
    "pk": 49,
    "fields": {
        "platillo": 1,
        "cantidad": 1,
        "carrito": null
    }
},
{
    "model": "mainApp.pedido",
    "pk": 50,
    "fields": {
        "platillo": 1,
        "cantidad": 3,
        "carrito": null
    }
},
{
    "model": "mainApp.pedido",
    "pk": 51,
    "fields": {
        "platillo": 2,
        "cantidad": 3,
        "carrito": null
    }
},
{
    "model": "mainApp.pedido",
    "pk": 52,
    "fields": {
        "platillo": 2,
        "cantidad": 5,
        "carrito": null
    }
},
{
    "model": "mainApp.pedido",
    "pk": 53,
    "fields": {
        "platillo": 4,
        "cantidad": 3,
        "carrito": null
    }
},
{
    "model": "mainApp.pedido",
    "pk": 54,
    "fields": {
        "platillo": 1,
        "cantidad": 2,
        "carrito": null
    }
},
{
    "model": "mainApp.pedido",
    "pk": 55,
    "fields": {
        "platillo": 1,
        "cantidad": 3,
        "carrito": null
    }
},
{
    "model": "mainApp.pedido",
    "pk": 56,
    "fields": {
        "platillo": 2,
        "cantidad": 1,
        "carrito": null
    }
},
{
    "model": "mainApp.pedido",
    "pk": 57,
    "fields": {
        "platillo": 1,
        "cantidad": 2,
        "carrito": null
    }
},
{
    "model": "mainApp.pedido",
    "pk": 58,
    "fields": {
        "platillo": 2,
        "cantidad": 1,
        "carrito": null
    }
},
{
    "model": "mainApp.pedido",
    "pk": 59,
    "fields": {
        "platillo": 2,
        "cantidad": 1,
        "carrito": null
    }
},
{
    "model": "mainApp.pedido",
    "pk": 60,
    "fields": {
        "platillo": 4,
        "cantidad": 3,
        "carrito": null
    }
},
{
    "model": "mainApp.pedido",
    "pk": 61,
    "fields": {
        "platillo": null,
        "cantidad": 2,
        "carrito": null
    }
},
{
    "model": "mainApp.pedido",
    "pk": 62,
    "fields": {
        "platillo": 1,
        "cantidad": 1,
        "carrito": null
    }
},
{
    "model": "mainApp.pedido",
    "pk": 63,
    "fields": {
        "platillo": 1,
        "cantidad": 1,
        "carrito": null
    }
},
{
    "model": "mainApp.pedido",
    "pk": 64,
    "fields": {
        "platillo": 3,
        "cantidad": 3,
        "carrito": null
    }
},
{
    "model": "mainApp.pedido",
    "pk": 65,
    "fields": {
        "platillo": 1,
        "cantidad": 1,
        "carrito": null
    }
},
{
    "model": "mainApp.pedido",
    "pk": 66,
    "fields": {
        "platillo": 1,
        "cantidad": 3,
        "carrito": null
    }
},
{
    "model": "mainApp.pedido",
    "pk": 67,
    "fields": {
        "platillo": 1,
        "cantidad": 1,
        "carrito": null
    }
},
{
    "model": "mainApp.pedido",
    "pk": 68,
    "fields": {
        "platillo": 4,
        "cantidad": 2,
        "carrito": null
    }
},
{
    "model": "mainApp.pedido",
    "pk": 69,
    "fields": {
        "platillo": 2,
        "cantidad": 2,
        "carrito": null
    }
},
{
    "model": "mainApp.pedido",
    "pk": 70,
    "fields": {
        "platillo": null,
        "cantidad": 1,
        "carrito": null
    }
},
{
    "model": "mainApp.pedido",
    "pk": 71,
    "fields": {
        "platillo": 1,
        "cantidad": 2,
        "carrito": null
    }
},
{
    "model": "mainApp.pedido",
    "pk": 72,
    "fields": {
        "platillo": 4,
        "cantidad": 2,
        "carrito": null
    }
},
{
    "model": "mainApp.pedido",
    "pk": 73,
    "fields": {
        "platillo": 1,
        "cantidad": 3,
        "carrito": 100
    }
},
{
    "model": "mainApp.pedido",
    "pk": 74,
    "fields": {
        "platillo": 4,
        "cantidad": 1,
        "carrito": null
    }
},
{
    "model": "mainApp.pedido",
    "pk": 75,
    "fields": {
        "platillo": 3,
        "cantidad": 1,
        "carrito": null
    }
},
{
    "model": "mainApp.pedido",
    "pk": 76,
    "fields": {
        "platillo": null,
        "cantidad": 1,
        "carrito": 100
    }
},
{
    "model": "mainApp.pedido",
    "pk": 77,
    "fields": {
        "platillo": 2,
        "cantidad": 2,
        "carrito": 110
    }
},
{
    "model": "mainApp.pedido",
    "pk": 78,
    "fields": {
        "platillo": 10,
        "cantidad": 3,
        "carrito": null
    }
},
{
    "model": "mainApp.pedido",
    "pk": 79,
    "fields": {
        "platillo": 1,
        "cantidad": 2,
        "carrito": null
    }
},
{
    "model": "mainApp.pedido",
    "pk": 80,
    "fields": {
        "platillo": 2,
        "cantidad": 3,
        "carrito": 111
    }
},
{
    "model": "mainApp.pedido",
    "pk": 81,
    "fields": {
        "platillo": 6,
        "cantidad": 3,
        "carrito": 111
    }
},
{
    "model": "mainApp.pedido",
    "pk": 82,
    "fields": {
        "platillo": 1,
        "cantidad": 3,
        "carrito": 112
    }
},
{
    "model": "mainApp.pedido",
    "pk": 83,
    "fields": {
        "platillo": 10,
        "cantidad": 2,
        "carrito": 112
    }
},
{
    "model": "mainApp.pedido",
    "pk": 84,
    "fields": {
        "platillo": 10,
        "cantidad": 2,
        "carrito": 113
    }
}
]
