[
{
    "model": "admin.logentry",
    "pk": 1,
    "fields": {
        "action_time": "2023-05-08T23:43:28.779Z",
        "user": 1,
        "content_type": 6,
        "object_id": "1",
        "object_repr": "Id: 1, Nombre: Platos fuertes",
        "action_flag": 1,
        "change_message": "[{\"added\": {}}]"
    }
},
{
    "model": "admin.logentry",
    "pk": 2,
    "fields": {
        "action_time": "2023-05-08T23:43:38.278Z",
        "user": 1,
        "content_type": 6,
        "object_id": "2",
        "object_repr": "Id: 2, Nombre: Bebidas",
        "action_flag": 1,
        "change_message": "[{\"added\": {}}]"
    }
},
{
    "model": "admin.logentry",
    "pk": 3,
    "fields": {
        "action_time": "2023-05-08T23:43:51.439Z",
        "user": 1,
        "content_type": 6,
        "object_id": "3",
        "object_repr": "Id: 3, Nombre: Postres",
        "action_flag": 1,
        "change_message": "[{\"added\": {}}]"
    }
},
{
    "model": "admin.logentry",
    "pk": 4,
    "fields": {
        "action_time": "2023-05-08T23:43:57.115Z",
        "user": 1,
        "content_type": 6,
        "object_id": "4",
        "object_repr": "Id: 4, Nombre: Entradas",
        "action_flag": 1,
        "change_message": "[{\"added\": {}}]"
    }
},
{
    "model": "admin.logentry",
    "pk": 5,
    "fields": {
        "action_time": "2023-05-08T23:44:05.549Z",
        "user": 1,
        "content_type": 6,
        "object_id": "5",
        "object_repr": "Id: 5, Nombre: Especiales",
        "action_flag": 1,
        "change_message": "[{\"added\": {}}]"
    }
},
{
    "model": "admin.logentry",
    "pk": 6,
    "fields": {
        "action_time": "2023-05-08T23:44:29Z",
        "user": 1,
        "content_type": 12,
        "object_id": "1",
        "object_repr": "Id: 1, Nombre: Antojitos, Categoria: Id: 1, Nombre: Platos fuertes",
        "action_flag": 1,
        "change_message": "[{\"added\": {}}]"
    }
},
{
    "model": "admin.logentry",
    "pk": 7,
    "fields": {
        "action_time": "2023-05-08T23:45:27.667Z",
        "user": 1,
        "content_type": 7,
        "object_id": "1",
        "object_repr": "Id: 1, Nombre: Flautas de pollo, Categoria: Id: 1, Nombre: Platos fuertes",
        "action_flag": 1,
        "change_message": "[{\"added\": {}}]"
    }
},
{
    "model": "admin.logentry",
    "pk": 8,
    "fields": {
        "action_time": "2023-05-08T23:47:13.391Z",
        "user": 1,
        "content_type": 7,
        "object_id": "2",
        "object_repr": "Id: 2, Nombre: Gordita de maciza, Categoria: Id: 1, Nombre: Platos fuertes",
        "action_flag": 1,
        "change_message": "[{\"added\": {}}]"
    }
},
{
    "model": "admin.logentry",
    "pk": 9,
    "fields": {
        "action_time": "2023-05-08T23:48:10.970Z",
        "user": 1,
        "content_type": 12,
        "object_id": "2",
        "object_repr": "Id: 2, Nombre: Bebidas embotelladas, Categoria: Id: 2, Nombre: Bebidas",
        "action_flag": 1,
        "change_message": "[{\"added\": {}}]"
    }
},
{
    "model": "admin.logentry",
    "pk": 10,
    "fields": {
        "action_time": "2023-05-08T23:48:17.247Z",
        "user": 1,
        "content_type": 7,
        "object_id": "3",
        "object_repr": "Id: 3, Nombre: Botella de agua 600ml, Categoria: Id: 2, Nombre: Bebidas",
        "action_flag": 1,
        "change_message": "[{\"added\": {}}]"
    }
},
{
    "model": "admin.logentry",
    "pk": 11,
    "fields": {
        "action_time": "2023-05-09T01:08:24.957Z",
        "user": 1,
        "content_type": 3,
        "object_id": "1",
        "object_repr": "comensales",
        "action_flag": 1,
        "change_message": "[{\"added\": {}}]"
    }
},
{
    "model": "admin.logentry",
    "pk": 12,
    "fields": {
        "action_time": "2023-05-09T01:08:33.249Z",
        "user": 1,
        "content_type": 3,
        "object_id": "2",
        "object_repr": "administradores",
        "action_flag": 1,
        "change_message": "[{\"added\": {}}]"
    }
},
{
    "model": "admin.logentry",
    "pk": 13,
    "fields": {
        "action_time": "2023-05-09T01:09:42.972Z",
        "user": 1,
        "content_type": 3,
        "object_id": "1",
        "object_repr": "comensales",
        "action_flag": 2,
        "change_message": "[{\"changed\": {\"fields\": [\"Permissions\"]}}]"
    }
},
{
    "model": "admin.logentry",
    "pk": 14,
    "fields": {
        "action_time": "2023-05-09T01:09:50.978Z",
        "user": 1,
        "content_type": 3,
        "object_id": "2",
        "object_repr": "administradores",
        "action_flag": 2,
        "change_message": "[{\"changed\": {\"fields\": [\"Permissions\"]}}]"
    }
},
{
    "model": "admin.logentry",
    "pk": 15,
    "fields": {
        "action_time": "2023-05-09T01:12:10.594Z",
        "user": 1,
        "content_type": 8,
        "object_id": "3",
        "object_repr": "mesa1 |  |  | mesa1@50amigos.com",
        "action_flag": 1,
        "change_message": "[{\"added\": {}}]"
    }
},
{
    "model": "admin.logentry",
    "pk": 16,
    "fields": {
        "action_time": "2023-05-09T01:12:21.528Z",
        "user": 1,
        "content_type": 8,
        "object_id": "3",
        "object_repr": "mesa1 |  |  | mesa1@50amigos.com",
        "action_flag": 2,
        "change_message": "[{\"changed\": {\"fields\": [\"Groups\"]}}]"
    }
},
{
    "model": "admin.logentry",
    "pk": 17,
    "fields": {
        "action_time": "2023-05-09T01:12:50.525Z",
        "user": 1,
        "content_type": 8,
        "object_id": "4",
        "object_repr": "mesa2 |  |  | mesa2@50amigos.com",
        "action_flag": 1,
        "change_message": "[{\"added\": {}}]"
    }
},
{
    "model": "admin.logentry",
    "pk": 18,
    "fields": {
        "action_time": "2023-05-09T01:12:56.031Z",
        "user": 1,
        "content_type": 8,
        "object_id": "4",
        "object_repr": "mesa2 |  |  | mesa2@50amigos.com",
        "action_flag": 2,
        "change_message": "[{\"changed\": {\"fields\": [\"Groups\"]}}]"
    }
},
{
    "model": "admin.logentry",
    "pk": 19,
    "fields": {
        "action_time": "2023-05-09T01:13:33.402Z",
        "user": 1,
        "content_type": 8,
        "object_id": "5",
        "object_repr": "mesa3 |  |  | mesa3@50amigos.com",
        "action_flag": 1,
        "change_message": "[{\"added\": {}}]"
    }
},
{
    "model": "admin.logentry",
    "pk": 20,
    "fields": {
        "action_time": "2023-05-09T01:13:41.703Z",
        "user": 1,
        "content_type": 8,
        "object_id": "5",
        "object_repr": "mesa3 |  |  | mesa3@50amigos.com",
        "action_flag": 2,
        "change_message": "[{\"changed\": {\"fields\": [\"Groups\"]}}]"
    }
},
{
    "model": "admin.logentry",
    "pk": 21,
    "fields": {
        "action_time": "2023-05-09T01:13:57.972Z",
        "user": 1,
        "content_type": 8,
        "object_id": "6",
        "object_repr": "mesa4 |  |  | mesa4@50amigos.com",
        "action_flag": 1,
        "change_message": "[{\"added\": {}}]"
    }
},
{
    "model": "admin.logentry",
    "pk": 22,
    "fields": {
        "action_time": "2023-05-09T01:14:05.367Z",
        "user": 1,
        "content_type": 8,
        "object_id": "6",
        "object_repr": "mesa4 |  |  | mesa4@50amigos.com",
        "action_flag": 2,
        "change_message": "[{\"changed\": {\"fields\": [\"Groups\"]}}]"
    }
},
{
    "model": "admin.logentry",
    "pk": 23,
    "fields": {
        "action_time": "2023-05-09T01:14:30.958Z",
        "user": 1,
        "content_type": 8,
        "object_id": "7",
        "object_repr": "mesa5 |  |  | mesa5@50amigos.com",
        "action_flag": 1,
        "change_message": "[{\"added\": {}}]"
    }
},
{
    "model": "admin.logentry",
    "pk": 24,
    "fields": {
        "action_time": "2023-05-09T01:14:51.193Z",
        "user": 1,
        "content_type": 8,
        "object_id": "8",
        "object_repr": "mesa6 |  |  | mesa6@50amigos.com",
        "action_flag": 1,
        "change_message": "[{\"added\": {}}]"
    }
},
{
    "model": "admin.logentry",
    "pk": 25,
    "fields": {
        "action_time": "2023-05-09T01:14:57.977Z",
        "user": 1,
        "content_type": 8,
        "object_id": "8",
        "object_repr": "mesa6 |  |  | mesa6@50amigos.com",
        "action_flag": 2,
        "change_message": "[{\"changed\": {\"fields\": [\"Groups\"]}}]"
    }
},
{
    "model": "admin.logentry",
    "pk": 26,
    "fields": {
        "action_time": "2023-05-09T01:15:08.251Z",
        "user": 1,
        "content_type": 8,
        "object_id": "7",
        "object_repr": "mesa5 |  |  | mesa5@50amigos.com",
        "action_flag": 2,
        "change_message": "[{\"changed\": {\"fields\": [\"Groups\"]}}]"
    }
},
{
    "model": "admin.logentry",
    "pk": 27,
    "fields": {
        "action_time": "2023-05-09T01:15:20.508Z",
        "user": 1,
        "content_type": 8,
        "object_id": "1",
        "object_repr": "admin |  |  | admin@afmin.com",
        "action_flag": 2,
        "change_message": "[{\"changed\": {\"fields\": [\"Groups\"]}}]"
    }
},
{
    "model": "admin.logentry",
    "pk": 28,
    "fields": {
        "action_time": "2023-05-11T21:05:23.746Z",
        "user": 1,
        "content_type": 6,
        "object_id": "6",
        "object_repr": "Id: 6, Nombre: Helados",
        "action_flag": 1,
        "change_message": "[{\"added\": {}}]"
    }
},
{
    "model": "admin.logentry",
    "pk": 29,
    "fields": {
        "action_time": "2023-05-11T21:05:43.537Z",
        "user": 1,
        "content_type": 12,
        "object_id": "3",
        "object_repr": "Id: 3, Nombre: Cl├ö├Â┬úÔö£┬ísicos, Categoria: Id: 6, Nombre: Helados",
        "action_flag": 1,
        "change_message": "[{\"added\": {}}]"
    }
},
{
    "model": "admin.logentry",
    "pk": 30,
    "fields": {
        "action_time": "2023-05-11T21:06:31.568Z",
        "user": 1,
        "content_type": 7,
        "object_id": "4",
        "object_repr": "Id: 4, Nombre: Coca-cola 600 ml, Categoria: Id: 2, Nombre: Bebidas",
        "action_flag": 1,
        "change_message": "[{\"added\": {}}]"
    }
},
{
    "model": "admin.logentry",
    "pk": 31,
    "fields": {
        "action_time": "2023-05-11T21:07:05.519Z",
        "user": 1,
        "content_type": 7,
        "object_id": "5",
        "object_repr": "Id: 5, Nombre: Sidral 600 ml, Categoria: Id: 2, Nombre: Bebidas",
        "action_flag": 1,
        "change_message": "[{\"added\": {}}]"
    }
},
{
    "model": "admin.logentry",
    "pk": 32,
    "fields": {
        "action_time": "2023-05-11T21:08:25.930Z",
        "user": 1,
        "content_type": 12,
        "object_id": "4",
        "object_repr": "Id: 4, Nombre: Retornables, Categoria: Id: 2, Nombre: Bebidas",
        "action_flag": 1,
        "change_message": "[{\"added\": {}}]"
    }
},
{
    "model": "admin.logentry",
    "pk": 33,
    "fields": {
        "action_time": "2023-05-11T21:08:29.392Z",
        "user": 1,
        "content_type": 7,
        "object_id": "6",
        "object_repr": "Id: 6, Nombre: Boing mango, Categoria: Id: 2, Nombre: Bebidas",
        "action_flag": 1,
        "change_message": "[{\"added\": {}}]"
    }
},
{
    "model": "admin.logentry",
    "pk": 34,
    "fields": {
        "action_time": "2023-05-11T21:09:24.573Z",
        "user": 1,
        "content_type": 12,
        "object_id": "5",
        "object_repr": "Id: 5, Nombre: Cl├ö├Â┬úÔö£┬ísicos, Categoria: Id: 3, Nombre: Postres",
        "action_flag": 1,
        "change_message": "[{\"added\": {}}]"
    }
},
{
    "model": "admin.logentry",
    "pk": 35,
    "fields": {
        "action_time": "2023-05-11T21:09:30.099Z",
        "user": 1,
        "content_type": 7,
        "object_id": "7",
        "object_repr": "Id: 7, Nombre: Flan napolitano, Categoria: Id: 3, Nombre: Postres",
        "action_flag": 1,
        "change_message": "[{\"added\": {}}]"
    }
},
{
    "model": "admin.logentry",
    "pk": 36,
    "fields": {
        "action_time": "2023-05-11T21:10:07.149Z",
        "user": 1,
        "content_type": 7,
        "object_id": "8",
        "object_repr": "Id: 8, Nombre: Pastel de chocolate, Categoria: Id: 3, Nombre: Postres",
        "action_flag": 1,
        "change_message": "[{\"added\": {}}]"
    }
},
{
    "model": "admin.logentry",
    "pk": 37,
    "fields": {
        "action_time": "2023-05-11T21:11:17.034Z",
        "user": 1,
        "content_type": 12,
        "object_id": "6",
        "object_repr": "Id: 6, Nombre: Cl├ö├Â┬úÔö£┬ísicos, Categoria: Id: 4, Nombre: Entradas",
        "action_flag": 1,
        "change_message": "[{\"added\": {}}]"
    }
},
{
    "model": "admin.logentry",
    "pk": 38,
    "fields": {
        "action_time": "2023-05-11T21:11:20.191Z",
        "user": 1,
        "content_type": 7,
        "object_id": "9",
        "object_repr": "Id: 9, Nombre: Arroz blanco con verduras, Categoria: Id: 4, Nombre: Entradas",
        "action_flag": 1,
        "change_message": "[{\"added\": {}}]"
    }
},
{
    "model": "admin.logentry",
    "pk": 39,
    "fields": {
        "action_time": "2023-05-11T21:12:06.017Z",
        "user": 1,
        "content_type": 7,
        "object_id": "10",
        "object_repr": "Id: 10, Nombre: Sopa de letras, Categoria: Id: 4, Nombre: Entradas",
        "action_flag": 1,
        "change_message": "[{\"added\": {}}]"
    }
},
{
    "model": "admin.logentry",
    "pk": 40,
    "fields": {
        "action_time": "2023-05-11T21:12:44.228Z",
        "user": 1,
        "content_type": 12,
        "object_id": "7",
        "object_repr": "Id: 7, Nombre: Cl├ö├Â┬úÔö£┬ísicos, Categoria: Id: 6, Nombre: Helados",
        "action_flag": 1,
        "change_message": "[{\"added\": {}}]"
    }
},
{
    "model": "admin.logentry",
    "pk": 41,
    "fields": {
        "action_time": "2023-05-11T21:12:49.488Z",
        "user": 1,
        "content_type": 7,
        "object_id": "11",
        "object_repr": "Id: 11, Nombre: Helado de chocolate, Categoria: Id: 6, Nombre: Helados",
        "action_flag": 1,
        "change_message": "[{\"added\": {}}]"
    }
},
{
    "model": "admin.logentry",
    "pk": 42,
    "fields": {
        "action_time": "2023-05-11T21:13:21.667Z",
        "user": 1,
        "content_type": 7,
        "object_id": "12",
        "object_repr": "Id: 12, Nombre: Helado de fresa, Categoria: Id: 6, Nombre: Helados",
        "action_flag": 1,
        "change_message": "[{\"added\": {}}]"
    }
},
{
    "model": "admin.logentry",
    "pk": 43,
    "fields": {
        "action_time": "2023-05-11T21:13:49.838Z",
        "user": 1,
        "content_type": 7,
        "object_id": "13",
        "object_repr": "Id: 13, Nombre: Helado vainilla, Categoria: Id: 6, Nombre: Helados",
        "action_flag": 1,
        "change_message": "[{\"added\": {}}]"
    }
},
{
    "model": "admin.logentry",
    "pk": 44,
    "fields": {
        "action_time": "2023-05-11T21:14:25.465Z",
        "user": 1,
        "content_type": 7,
        "object_id": "14",
        "object_repr": "Id: 14, Nombre: Helado de lim├ö├Â┬ú├ö├Â├®n, Categoria: Id: 6, Nombre: Helados",
        "action_flag": 1,
        "change_message": "[{\"added\": {}}]"
    }
},
{
    "model": "admin.logentry",
    "pk": 45,
    "fields": {
        "action_time": "2023-05-11T21:24:19.835Z",
        "user": 1,
        "content_type": 12,
        "object_id": "3",
        "object_repr": "Id: 3, Nombre: Cl├ö├Â┬úÔö£┬ísicos, Categoria: Id: 6, Nombre: Helados",
        "action_flag": 3,
        "change_message": ""
    }
},
{
    "model": "admin.logentry",
    "pk": 46,
    "fields": {
        "action_time": "2023-05-11T21:24:41.788Z",
        "user": 1,
        "content_type": 12,
        "object_id": "8",
        "object_repr": "Id: 8, Nombre: De temporada, Categoria: Id: 5, Nombre: Especiales",
        "action_flag": 1,
        "change_message": "[{\"added\": {}}]"
    }
},
{
    "model": "admin.logentry",
    "pk": 47,
    "fields": {
        "action_time": "2023-05-13T19:00:16.665Z",
        "user": 1,
        "content_type": 12,
        "object_id": "7",
        "object_repr": "Id: 7, Nombre: ClÔö£├¡sicos, Categoria: Id: 6, Nombre: Helados",
        "action_flag": 2,
        "change_message": "[{\"changed\": {\"fields\": [\"Nombre\"]}}]"
    }
},
{
    "model": "admin.logentry",
    "pk": 48,
    "fields": {
        "action_time": "2023-05-13T19:00:30.343Z",
        "user": 1,
        "content_type": 12,
        "object_id": "6",
        "object_repr": "Id: 6, Nombre: ClÔö£├¡sicos, Categoria: Id: 4, Nombre: Entradas",
        "action_flag": 2,
        "change_message": "[{\"changed\": {\"fields\": [\"Nombre\"]}}]"
    }
},
{
    "model": "admin.logentry",
    "pk": 49,
    "fields": {
        "action_time": "2023-05-13T19:00:40.292Z",
        "user": 1,
        "content_type": 12,
        "object_id": "5",
        "object_repr": "Id: 5, Nombre: ClÔö£├¡sicos, Categoria: Id: 3, Nombre: Postres",
        "action_flag": 2,
        "change_message": "[{\"changed\": {\"fields\": [\"Nombre\"]}}]"
    }
},
{
    "model": "admin.logentry",
    "pk": 50,
    "fields": {
        "action_time": "2023-05-13T19:05:54.235Z",
        "user": 1,
        "content_type": 7,
        "object_id": "14",
        "object_repr": "Id: 14, Nombre: Helado de limÔö£Ôöén, Categoria: Id: 6, Nombre: Helados",
        "action_flag": 2,
        "change_message": "[{\"changed\": {\"fields\": [\"Nombre\"]}}]"
    }
},
{
    "model": "admin.logentry",
    "pk": 51,
    "fields": {
        "action_time": "2023-05-13T19:06:32.517Z",
        "user": 1,
        "content_type": 7,
        "object_id": "1",
        "object_repr": "Id: 1, Nombre: Flautas de pollo, Categoria: Id: 1, Nombre: Platos fuertes",
        "action_flag": 2,
        "change_message": "[{\"changed\": {\"fields\": [\"Ingredientes\"]}}]"
    }
},
{
    "model": "admin.logentry",
    "pk": 52,
    "fields": {
        "action_time": "2023-05-13T19:17:32.983Z",
        "user": 1,
        "content_type": 7,
        "object_id": "5",
        "object_repr": "Id: 5, Nombre: Sidral, Categoria: Id: 2, Nombre: Bebidas",
        "action_flag": 2,
        "change_message": "[{\"changed\": {\"fields\": [\"Nombre\", \"Ingredientes\"]}}]"
    }
},
{
    "model": "admin.logentry",
    "pk": 53,
    "fields": {
        "action_time": "2023-05-13T19:17:46.940Z",
        "user": 1,
        "content_type": 7,
        "object_id": "4",
        "object_repr": "Id: 4, Nombre: Coca-cola, Categoria: Id: 2, Nombre: Bebidas",
        "action_flag": 2,
        "change_message": "[{\"changed\": {\"fields\": [\"Nombre\", \"Ingredientes\"]}}]"
    }
},
{
    "model": "admin.logentry",
    "pk": 54,
    "fields": {
        "action_time": "2023-05-13T19:17:57.947Z",
        "user": 1,
        "content_type": 7,
        "object_id": "3",
        "object_repr": "Id: 3, Nombre: Botella de agua, Categoria: Id: 2, Nombre: Bebidas",
        "action_flag": 2,
        "change_message": "[{\"changed\": {\"fields\": [\"Nombre\", \"Ingredientes\"]}}]"
    }
},
{
    "model": "admin.logentry",
    "pk": 55,
    "fields": {
        "action_time": "2023-05-13T19:48:07.614Z",
        "user": 1,
        "content_type": 7,
        "object_id": "14",
        "object_repr": "Id: 14, Nombre: Helado de limÔö£Ôöén, Categoria: Id: 6, Nombre: Helados",
        "action_flag": 2,
        "change_message": "[]"
    }
},
{
    "model": "admin.logentry",
    "pk": 56,
    "fields": {
        "action_time": "2023-05-13T22:39:36.735Z",
        "user": 1,
        "content_type": 7,
        "object_id": "13",
        "object_repr": "Id: 13, Nombre: Helado de vainilla, Categoria: Id: 6, Nombre: Helados",
        "action_flag": 2,
        "change_message": "[{\"changed\": {\"fields\": [\"Nombre\"]}}]"
    }
},
{
    "model": "admin.logentry",
    "pk": 57,
    "fields": {
        "action_time": "2023-05-20T02:42:12.938Z",
        "user": 1,
        "content_type": 7,
        "object_id": "14",
        "object_repr": "\n                Id: 14\n                Nombre: Helado de limon\n                Categoria: \n                Id: 6\n                Nombre: Helados\n                \n                ",
        "action_flag": 2,
        "change_message": "[{\"changed\": {\"fields\": [\"Nombre\"]}}]"
    }
},
{
    "model": "admin.logentry",
    "pk": 58,
    "fields": {
        "action_time": "2023-05-20T02:42:26.676Z",
        "user": 1,
        "content_type": 7,
        "object_id": "1",
        "object_repr": "\n                Id: 1\n                Nombre: Flautas de pollo\n                Categoria: \n                Id: 1\n                Nombre: Platos fuertes\n                \n                ",
        "action_flag": 2,
        "change_message": "[{\"changed\": {\"fields\": [\"Ingredientes\"]}}]"
    }
},
{
    "model": "admin.logentry",
    "pk": 59,
    "fields": {
        "action_time": "2023-05-20T02:42:44.789Z",
        "user": 1,
        "content_type": 12,
        "object_id": "7",
        "object_repr": "\n                Id: 7\n                Nombre: Clasicos\n                Categoria: \n                Id: 6\n                Nombre: Helados\n                \n                ",
        "action_flag": 2,
        "change_message": "[{\"changed\": {\"fields\": [\"Nombre\"]}}]"
    }
},
{
    "model": "admin.logentry",
    "pk": 60,
    "fields": {
        "action_time": "2023-05-20T02:42:49.626Z",
        "user": 1,
        "content_type": 12,
        "object_id": "6",
        "object_repr": "\n                Id: 6\n                Nombre: Clasicos\n                Categoria: \n                Id: 4\n                Nombre: Entradas\n                \n                ",
        "action_flag": 2,
        "change_message": "[{\"changed\": {\"fields\": [\"Nombre\"]}}]"
    }
},
{
    "model": "admin.logentry",
    "pk": 61,
    "fields": {
        "action_time": "2023-05-20T02:42:54.451Z",
        "user": 1,
        "content_type": 12,
        "object_id": "5",
        "object_repr": "\n                Id: 5\n                Nombre: Clasicos\n                Categoria: \n                Id: 3\n                Nombre: Postres\n                \n                ",
        "action_flag": 2,
        "change_message": "[{\"changed\": {\"fields\": [\"Nombre\"]}}]"
    }
},
{
    "model": "admin.logentry",
    "pk": 62,
    "fields": {
        "action_time": "2023-05-20T03:45:03.429Z",
        "user": 1,
        "content_type": 7,
        "object_id": "15",
        "object_repr": "\n                Id: 15\n                Nombre: Helado de galleta\n                Categoria: \n                Id: 6\n                Nombre: Helados\n                \n                ",
        "action_flag": 1,
        "change_message": "[{\"added\": {}}]"
    }
},
{
    "model": "admin.logentry",
    "pk": 63,
    "fields": {
        "action_time": "2023-05-21T04:52:25.567Z",
        "user": 1,
        "content_type": 16,
        "object_id": "41",
        "object_repr": "\n                Id: 41\n                Orden: \n                Id: 1\n                Usuario: \n                Username: admin\n                First name: \n                Last name: \n               ",
        "action_flag": 2,
        "change_message": "[{\"changed\": {\"fields\": [\"Active\"]}}]"
    }
},
{
    "model": "admin.logentry",
    "pk": 64,
    "fields": {
        "action_time": "2023-05-21T04:52:29.843Z",
        "user": 1,
        "content_type": 16,
        "object_id": "40",
        "object_repr": "\n                Id: 40\n                Orden: \n                Id: 1\n                Usuario: \n                Username: admin\n                First name: \n                Last name: \n               ",
        "action_flag": 2,
        "change_message": "[]"
    }
},
{
    "model": "admin.logentry",
    "pk": 65,
    "fields": {
        "action_time": "2023-05-21T04:52:32.614Z",
        "user": 1,
        "content_type": 16,
        "object_id": "39",
        "object_repr": "\n                Id: 39\n                Orden: \n                Id: 1\n                Usuario: \n                Username: admin\n                First name: \n                Last name: \n               ",
        "action_flag": 2,
        "change_message": "[]"
    }
},
{
    "model": "admin.logentry",
    "pk": 66,
    "fields": {
        "action_time": "2023-05-21T04:52:35.792Z",
        "user": 1,
        "content_type": 16,
        "object_id": "16",
        "object_repr": "\n                Id: 16\n                Orden: \n                Id: 1\n                Usuario: \n                Username: admin\n                First name: \n                Last name: \n               ",
        "action_flag": 2,
        "change_message": "[]"
    }
},
{
    "model": "admin.logentry",
    "pk": 67,
    "fields": {
        "action_time": "2023-05-21T04:52:50.411Z",
        "user": 1,
        "content_type": 16,
        "object_id": "41",
        "object_repr": "\n                Id: 41\n                Orden: \n                Id: 1\n                Usuario: \n                Username: admin\n                First name: \n                Last name: \n               ",
        "action_flag": 3,
        "change_message": ""
    }
},
{
    "model": "admin.logentry",
    "pk": 68,
    "fields": {
        "action_time": "2023-05-21T04:52:50.420Z",
        "user": 1,
        "content_type": 16,
        "object_id": "40",
        "object_repr": "\n                Id: 40\n                Orden: \n                Id: 1\n                Usuario: \n                Username: admin\n                First name: \n                Last name: \n               ",
        "action_flag": 3,
        "change_message": ""
    }
},
{
    "model": "admin.logentry",
    "pk": 69,
    "fields": {
        "action_time": "2023-05-21T04:52:50.429Z",
        "user": 1,
        "content_type": 16,
        "object_id": "39",
        "object_repr": "\n                Id: 39\n                Orden: \n                Id: 1\n                Usuario: \n                Username: admin\n                First name: \n                Last name: \n               ",
        "action_flag": 3,
        "change_message": ""
    }
},
{
    "model": "admin.logentry",
    "pk": 70,
    "fields": {
        "action_time": "2023-05-21T04:52:50.438Z",
        "user": 1,
        "content_type": 16,
        "object_id": "38",
        "object_repr": "\n                Id: 38\n                Orden: \n                Id: 1\n                Usuario: \n                Username: admin\n                First name: \n                Last name: \n               ",
        "action_flag": 3,
        "change_message": ""
    }
},
{
    "model": "admin.logentry",
    "pk": 71,
    "fields": {
        "action_time": "2023-05-21T04:52:50.449Z",
        "user": 1,
        "content_type": 16,
        "object_id": "37",
        "object_repr": "\n                Id: 37\n                Orden: \n                Id: 1\n                Usuario: \n                Username: admin\n                First name: \n                Last name: \n               ",
        "action_flag": 3,
        "change_message": ""
    }
},
{
    "model": "admin.logentry",
    "pk": 72,
    "fields": {
        "action_time": "2023-05-21T04:52:50.460Z",
        "user": 1,
        "content_type": 16,
        "object_id": "36",
        "object_repr": "\n                Id: 36\n                Orden: \n                Id: 1\n                Usuario: \n                Username: admin\n                First name: \n                Last name: \n               ",
        "action_flag": 3,
        "change_message": ""
    }
},
{
    "model": "admin.logentry",
    "pk": 73,
    "fields": {
        "action_time": "2023-05-21T04:52:50.469Z",
        "user": 1,
        "content_type": 16,
        "object_id": "35",
        "object_repr": "\n                Id: 35\n                Orden: \n                Id: 1\n                Usuario: \n                Username: admin\n                First name: \n                Last name: \n               ",
        "action_flag": 3,
        "change_message": ""
    }
},
{
    "model": "admin.logentry",
    "pk": 74,
    "fields": {
        "action_time": "2023-05-21T04:52:50.477Z",
        "user": 1,
        "content_type": 16,
        "object_id": "34",
        "object_repr": "\n                Id: 34\n                Orden: \n                Id: 1\n                Usuario: \n                Username: admin\n                First name: \n                Last name: \n               ",
        "action_flag": 3,
        "change_message": ""
    }
},
{
    "model": "admin.logentry",
    "pk": 75,
    "fields": {
        "action_time": "2023-05-21T04:52:50.487Z",
        "user": 1,
        "content_type": 16,
        "object_id": "33",
        "object_repr": "\n                Id: 33\n                Orden: \n                Id: 1\n                Usuario: \n                Username: admin\n                First name: \n                Last name: \n               ",
        "action_flag": 3,
        "change_message": ""
    }
},
{
    "model": "admin.logentry",
    "pk": 76,
    "fields": {
        "action_time": "2023-05-21T04:52:50.495Z",
        "user": 1,
        "content_type": 16,
        "object_id": "32",
        "object_repr": "\n                Id: 32\n                Orden: \n                Id: 1\n                Usuario: \n                Username: admin\n                First name: \n                Last name: \n               ",
        "action_flag": 3,
        "change_message": ""
    }
},
{
    "model": "admin.logentry",
    "pk": 77,
    "fields": {
        "action_time": "2023-05-21T04:52:50.505Z",
        "user": 1,
        "content_type": 16,
        "object_id": "31",
        "object_repr": "\n                Id: 31\n                Orden: \n                Id: 1\n                Usuario: \n                Username: admin\n                First name: \n                Last name: \n               ",
        "action_flag": 3,
        "change_message": ""
    }
},
{
    "model": "admin.logentry",
    "pk": 78,
    "fields": {
        "action_time": "2023-05-21T04:52:50.515Z",
        "user": 1,
        "content_type": 16,
        "object_id": "30",
        "object_repr": "\n                Id: 30\n                Orden: \n                Id: 1\n                Usuario: \n                Username: admin\n                First name: \n                Last name: \n               ",
        "action_flag": 3,
        "change_message": ""
    }
},
{
    "model": "admin.logentry",
    "pk": 79,
    "fields": {
        "action_time": "2023-05-21T04:52:50.522Z",
        "user": 1,
        "content_type": 16,
        "object_id": "29",
        "object_repr": "\n                Id: 29\n                Orden: \n                Id: 1\n                Usuario: \n                Username: admin\n                First name: \n                Last name: \n               ",
        "action_flag": 3,
        "change_message": ""
    }
},
{
    "model": "admin.logentry",
    "pk": 80,
    "fields": {
        "action_time": "2023-05-21T04:52:50.530Z",
        "user": 1,
        "content_type": 16,
        "object_id": "28",
        "object_repr": "\n                Id: 28\n                Orden: \n                Id: 1\n                Usuario: \n                Username: admin\n                First name: \n                Last name: \n               ",
        "action_flag": 3,
        "change_message": ""
    }
},
{
    "model": "admin.logentry",
    "pk": 81,
    "fields": {
        "action_time": "2023-05-21T04:52:50.537Z",
        "user": 1,
        "content_type": 16,
        "object_id": "27",
        "object_repr": "\n                Id: 27\n                Orden: \n                Id: 1\n                Usuario: \n                Username: admin\n                First name: \n                Last name: \n               ",
        "action_flag": 3,
        "change_message": ""
    }
},
{
    "model": "admin.logentry",
    "pk": 82,
    "fields": {
        "action_time": "2023-05-21T04:52:50.547Z",
        "user": 1,
        "content_type": 16,
        "object_id": "26",
        "object_repr": "\n                Id: 26\n                Orden: \n                Id: 1\n                Usuario: \n                Username: admin\n                First name: \n                Last name: \n               ",
        "action_flag": 3,
        "change_message": ""
    }
},
{
    "model": "admin.logentry",
    "pk": 83,
    "fields": {
        "action_time": "2023-05-21T04:52:50.557Z",
        "user": 1,
        "content_type": 16,
        "object_id": "25",
        "object_repr": "\n                Id: 25\n                Orden: \n                Id: 1\n                Usuario: \n                Username: admin\n                First name: \n                Last name: \n               ",
        "action_flag": 3,
        "change_message": ""
    }
},
{
    "model": "admin.logentry",
    "pk": 84,
    "fields": {
        "action_time": "2023-05-21T04:52:50.565Z",
        "user": 1,
        "content_type": 16,
        "object_id": "24",
        "object_repr": "\n                Id: 24\n                Orden: \n                Id: 1\n                Usuario: \n                Username: admin\n                First name: \n                Last name: \n               ",
        "action_flag": 3,
        "change_message": ""
    }
},
{
    "model": "admin.logentry",
    "pk": 85,
    "fields": {
        "action_time": "2023-05-21T04:52:50.575Z",
        "user": 1,
        "content_type": 16,
        "object_id": "23",
        "object_repr": "\n                Id: 23\n                Orden: \n                Id: 1\n                Usuario: \n                Username: admin\n                First name: \n                Last name: \n               ",
        "action_flag": 3,
        "change_message": ""
    }
},
{
    "model": "admin.logentry",
    "pk": 86,
    "fields": {
        "action_time": "2023-05-21T04:52:50.584Z",
        "user": 1,
        "content_type": 16,
        "object_id": "22",
        "object_repr": "\n                Id: 22\n                Orden: \n                Id: 1\n                Usuario: \n                Username: admin\n                First name: \n                Last name: \n               ",
        "action_flag": 3,
        "change_message": ""
    }
},
{
    "model": "admin.logentry",
    "pk": 87,
    "fields": {
        "action_time": "2023-05-21T04:52:50.592Z",
        "user": 1,
        "content_type": 16,
        "object_id": "21",
        "object_repr": "\n                Id: 21\n                Orden: \n                Id: 1\n                Usuario: \n                Username: admin\n                First name: \n                Last name: \n               ",
        "action_flag": 3,
        "change_message": ""
    }
},
{
    "model": "admin.logentry",
    "pk": 88,
    "fields": {
        "action_time": "2023-05-21T04:52:50.599Z",
        "user": 1,
        "content_type": 16,
        "object_id": "20",
        "object_repr": "\n                Id: 20\n                Orden: \n                Id: 1\n                Usuario: \n                Username: admin\n                First name: \n                Last name: \n               ",
        "action_flag": 3,
        "change_message": ""
    }
},
{
    "model": "admin.logentry",
    "pk": 89,
    "fields": {
        "action_time": "2023-05-21T04:52:50.607Z",
        "user": 1,
        "content_type": 16,
        "object_id": "19",
        "object_repr": "\n                Id: 19\n                Orden: \n                Id: 1\n                Usuario: \n                Username: admin\n                First name: \n                Last name: \n               ",
        "action_flag": 3,
        "change_message": ""
    }
},
{
    "model": "admin.logentry",
    "pk": 90,
    "fields": {
        "action_time": "2023-05-21T04:52:50.614Z",
        "user": 1,
        "content_type": 16,
        "object_id": "18",
        "object_repr": "\n                Id: 18\n                Orden: \n                Id: 1\n                Usuario: \n                Username: admin\n                First name: \n                Last name: \n               ",
        "action_flag": 3,
        "change_message": ""
    }
},
{
    "model": "admin.logentry",
    "pk": 91,
    "fields": {
        "action_time": "2023-05-21T04:52:50.622Z",
        "user": 1,
        "content_type": 16,
        "object_id": "17",
        "object_repr": "\n                Id: 17\n                Orden: \n                Id: 1\n                Usuario: \n                Username: admin\n                First name: \n                Last name: \n               ",
        "action_flag": 3,
        "change_message": ""
    }
},
{
    "model": "admin.logentry",
    "pk": 92,
    "fields": {
        "action_time": "2023-05-21T04:52:50.630Z",
        "user": 1,
        "content_type": 16,
        "object_id": "16",
        "object_repr": "\n                Id: 16\n                Orden: \n                Id: 1\n                Usuario: \n                Username: admin\n                First name: \n                Last name: \n               ",
        "action_flag": 3,
        "change_message": ""
    }
},
{
    "model": "admin.logentry",
    "pk": 93,
    "fields": {
        "action_time": "2023-05-21T04:52:50.637Z",
        "user": 1,
        "content_type": 16,
        "object_id": "15",
        "object_repr": "\n                Id: 15\n                Orden: \n                Id: 1\n                Usuario: \n                Username: admin\n                First name: \n                Last name: \n               ",
        "action_flag": 3,
        "change_message": ""
    }
},
{
    "model": "admin.logentry",
    "pk": 94,
    "fields": {
        "action_time": "2023-05-21T04:52:50.644Z",
        "user": 1,
        "content_type": 16,
        "object_id": "14",
        "object_repr": "\n                Id: 14\n                Orden: \n                Id: 1\n                Usuario: \n                Username: admin\n                First name: \n                Last name: \n               ",
        "action_flag": 3,
        "change_message": ""
    }
},
{
    "model": "admin.logentry",
    "pk": 95,
    "fields": {
        "action_time": "2023-05-21T04:52:50.650Z",
        "user": 1,
        "content_type": 16,
        "object_id": "13",
        "object_repr": "\n                Id: 13\n                Orden: \n                Id: 1\n                Usuario: \n                Username: admin\n                First name: \n                Last name: \n               ",
        "action_flag": 3,
        "change_message": ""
    }
},
{
    "model": "admin.logentry",
    "pk": 96,
    "fields": {
        "action_time": "2023-05-21T04:52:50.659Z",
        "user": 1,
        "content_type": 16,
        "object_id": "12",
        "object_repr": "\n                Id: 12\n                Orden: \n                Id: 1\n                Usuario: \n                Username: admin\n                First name: \n                Last name: \n               ",
        "action_flag": 3,
        "change_message": ""
    }
},
{
    "model": "admin.logentry",
    "pk": 97,
    "fields": {
        "action_time": "2023-05-21T04:52:50.666Z",
        "user": 1,
        "content_type": 16,
        "object_id": "11",
        "object_repr": "\n                Id: 11\n                Orden: \n                Id: 1\n                Usuario: \n                Username: admin\n                First name: \n                Last name: \n               ",
        "action_flag": 3,
        "change_message": ""
    }
},
{
    "model": "admin.logentry",
    "pk": 98,
    "fields": {
        "action_time": "2023-05-21T04:52:50.674Z",
        "user": 1,
        "content_type": 16,
        "object_id": "10",
        "object_repr": "\n                Id: 10\n                Orden: \n                Id: 1\n                Usuario: \n                Username: admin\n                First name: \n                Last name: \n               ",
        "action_flag": 3,
        "change_message": ""
    }
},
{
    "model": "admin.logentry",
    "pk": 99,
    "fields": {
        "action_time": "2023-05-21T04:52:50.682Z",
        "user": 1,
        "content_type": 16,
        "object_id": "9",
        "object_repr": "\n                Id: 9\n                Orden: \n                Id: 1\n                Usuario: \n                Username: admin\n                First name: \n                Last name: \n                ",
        "action_flag": 3,
        "change_message": ""
    }
},
{
    "model": "admin.logentry",
    "pk": 100,
    "fields": {
        "action_time": "2023-05-21T04:52:50.689Z",
        "user": 1,
        "content_type": 16,
        "object_id": "8",
        "object_repr": "\n                Id: 8\n                Orden: \n                Id: 1\n                Usuario: \n                Username: admin\n                First name: \n                Last name: \n                ",
        "action_flag": 3,
        "change_message": ""
    }
},
{
    "model": "admin.logentry",
    "pk": 101,
    "fields": {
        "action_time": "2023-05-21T04:52:50.697Z",
        "user": 1,
        "content_type": 16,
        "object_id": "7",
        "object_repr": "\n                Id: 7\n                Orden: \n                Id: 1\n                Usuario: \n                Username: admin\n                First name: \n                Last name: \n                ",
        "action_flag": 3,
        "change_message": ""
    }
},
{
    "model": "admin.logentry",
    "pk": 102,
    "fields": {
        "action_time": "2023-05-21T04:52:50.704Z",
        "user": 1,
        "content_type": 16,
        "object_id": "6",
        "object_repr": "\n                Id: 6\n                Orden: \n                Id: 1\n                Usuario: \n                Username: admin\n                First name: \n                Last name: \n                ",
        "action_flag": 3,
        "change_message": ""
    }
},
{
    "model": "admin.logentry",
    "pk": 103,
    "fields": {
        "action_time": "2023-05-21T04:52:50.712Z",
        "user": 1,
        "content_type": 16,
        "object_id": "5",
        "object_repr": "\n                Id: 5\n                Orden: \n                Id: 1\n                Usuario: \n                Username: admin\n                First name: \n                Last name: \n                ",
        "action_flag": 3,
        "change_message": ""
    }
},
{
    "model": "admin.logentry",
    "pk": 104,
    "fields": {
        "action_time": "2023-05-21T04:52:50.720Z",
        "user": 1,
        "content_type": 16,
        "object_id": "4",
        "object_repr": "\n                Id: 4\n                Orden: \n                Id: 1\n                Usuario: \n                Username: admin\n                First name: \n                Last name: \n                ",
        "action_flag": 3,
        "change_message": ""
    }
},
{
    "model": "admin.logentry",
    "pk": 105,
    "fields": {
        "action_time": "2023-05-21T04:52:50.728Z",
        "user": 1,
        "content_type": 16,
        "object_id": "3",
        "object_repr": "\n                Id: 3\n                Orden: \n                Id: 1\n                Usuario: \n                Username: admin\n                First name: \n                Last name: \n                ",
        "action_flag": 3,
        "change_message": ""
    }
},
{
    "model": "admin.logentry",
    "pk": 106,
    "fields": {
        "action_time": "2023-05-21T04:52:50.736Z",
        "user": 1,
        "content_type": 16,
        "object_id": "2",
        "object_repr": "\n                Id: 2\n                Orden: \n                Id: 1\n                Usuario: \n                Username: admin\n                First name: \n                Last name: \n                ",
        "action_flag": 3,
        "change_message": ""
    }
},
{
    "model": "admin.logentry",
    "pk": 107,
    "fields": {
        "action_time": "2023-05-21T04:52:50.743Z",
        "user": 1,
        "content_type": 16,
        "object_id": "1",
        "object_repr": "\n                Id: 1\n                Orden: \n                Id: 1\n                Usuario: \n                Username: admin\n                First name: \n                Last name: \n                ",
        "action_flag": 3,
        "change_message": ""
    }
},
{
    "model": "admin.logentry",
    "pk": 108,
    "fields": {
        "action_time": "2023-05-21T04:53:05.396Z",
        "user": 1,
        "content_type": 9,
        "object_id": "1",
        "object_repr": "\n                Id: 1\n                Usuario: \n                Username: admin\n                First name: \n                Last name: \n                Email: admin@afmin.com\n                \n      ",
        "action_flag": 3,
        "change_message": ""
    }
},
{
    "model": "admin.logentry",
    "pk": 109,
    "fields": {
        "action_time": "2023-05-21T05:02:09.744Z",
        "user": 1,
        "content_type": 9,
        "object_id": "2",
        "object_repr": "\n                Id: 2\n                Usuario: \n                Username: admin\n                First name: \n                Last name: \n                Email: admin@afmin.com\n                \n      ",
        "action_flag": 3,
        "change_message": ""
    }
},
{
    "model": "admin.logentry",
    "pk": 110,
    "fields": {
        "action_time": "2023-05-21T05:02:21.775Z",
        "user": 1,
        "content_type": 16,
        "object_id": "45",
        "object_repr": "\n                Id: 45\n                Orden: None\n                ",
        "action_flag": 3,
        "change_message": ""
    }
},
{
    "model": "admin.logentry",
    "pk": 111,
    "fields": {
        "action_time": "2023-05-21T05:02:21.786Z",
        "user": 1,
        "content_type": 16,
        "object_id": "44",
        "object_repr": "\n                Id: 44\n                Orden: None\n                ",
        "action_flag": 3,
        "change_message": ""
    }
},
{
    "model": "admin.logentry",
    "pk": 112,
    "fields": {
        "action_time": "2023-05-21T05:02:21.796Z",
        "user": 1,
        "content_type": 16,
        "object_id": "43",
        "object_repr": "\n                Id: 43\n                Orden: None\n                ",
        "action_flag": 3,
        "change_message": ""
    }
},
{
    "model": "admin.logentry",
    "pk": 113,
    "fields": {
        "action_time": "2023-05-21T05:02:21.806Z",
        "user": 1,
        "content_type": 16,
        "object_id": "42",
        "object_repr": "\n                Id: 42\n                Orden: None\n                ",
        "action_flag": 3,
        "change_message": ""
    }
},
{
    "model": "admin.logentry",
    "pk": 114,
    "fields": {
        "action_time": "2023-05-21T05:03:15.730Z",
        "user": 1,
        "content_type": 9,
        "object_id": "3",
        "object_repr": "\n                Id: 3\n                Usuario: \n                Username: admin\n                First name: \n                Last name: \n                Email: admin@afmin.com\n                \n      ",
        "action_flag": 3,
        "change_message": ""
    }
},
{
    "model": "admin.logentry",
    "pk": 115,
    "fields": {
        "action_time": "2023-05-21T20:01:35.162Z",
        "user": 1,
        "content_type": 7,
        "object_id": "8",
        "object_repr": "\n                Id: 8\n                Nombre: Pastel de chocolate\n                Categoria: \n                Id: 3\n                Nombre: Postres\n                \n                ",
        "action_flag": 2,
        "change_message": "[{\"changed\": {\"fields\": [\"Descripcion\"]}}]"
    }
},
{
    "model": "admin.logentry",
    "pk": 116,
    "fields": {
        "action_time": "2023-05-21T20:09:01.723Z",
        "user": 1,
        "content_type": 7,
        "object_id": "15",
        "object_repr": "\n                Id: 15\n                Nombre: Helado de galleta\n                Categoria: \n                Id: 6\n                Nombre: Helados\n                \n                ",
        "action_flag": 2,
        "change_message": "[{\"changed\": {\"fields\": [\"Imagen\"]}}]"
    }
},
{
    "model": "admin.logentry",
    "pk": 117,
    "fields": {
        "action_time": "2023-05-21T20:12:14.154Z",
        "user": 1,
        "content_type": 7,
        "object_id": "15",
        "object_repr": "\n                Id: 15\n                Nombre: Helado de galleta\n                Categoria: \n                Id: 6\n                Nombre: Helados\n                \n                ",
        "action_flag": 2,
        "change_message": "[{\"changed\": {\"fields\": [\"Imagen\"]}}]"
    }
},
{
    "model": "admin.logentry",
    "pk": 118,
    "fields": {
        "action_time": "2023-05-21T20:12:24.304Z",
        "user": 1,
        "content_type": 7,
        "object_id": "14",
        "object_repr": "\n                Id: 14\n                Nombre: Helado de limon\n                Categoria: \n                Id: 6\n                Nombre: Helados\n                \n                ",
        "action_flag": 2,
        "change_message": "[{\"changed\": {\"fields\": [\"Imagen\"]}}]"
    }
},
{
    "model": "admin.logentry",
    "pk": 119,
    "fields": {
        "action_time": "2023-05-21T20:12:33.475Z",
        "user": 1,
        "content_type": 7,
        "object_id": "13",
        "object_repr": "\n                Id: 13\n                Nombre: Helado de vainilla\n                Categoria: \n                Id: 6\n                Nombre: Helados\n                \n                ",
        "action_flag": 2,
        "change_message": "[{\"changed\": {\"fields\": [\"Imagen\"]}}]"
    }
},
{
    "model": "admin.logentry",
    "pk": 120,
    "fields": {
        "action_time": "2023-05-21T20:12:49.011Z",
        "user": 1,
        "content_type": 7,
        "object_id": "12",
        "object_repr": "\n                Id: 12\n                Nombre: Helado de fresa\n                Categoria: \n                Id: 6\n                Nombre: Helados\n                \n                ",
        "action_flag": 2,
        "change_message": "[{\"changed\": {\"fields\": [\"Imagen\"]}}]"
    }
},
{
    "model": "admin.logentry",
    "pk": 121,
    "fields": {
        "action_time": "2023-05-21T20:13:02.497Z",
        "user": 1,
        "content_type": 7,
        "object_id": "11",
        "object_repr": "\n                Id: 11\n                Nombre: Helado de chocolate\n                Categoria: \n                Id: 6\n                Nombre: Helados\n                \n                ",
        "action_flag": 2,
        "change_message": "[{\"changed\": {\"fields\": [\"Imagen\"]}}]"
    }
},
{
    "model": "admin.logentry",
    "pk": 122,
    "fields": {
        "action_time": "2023-05-21T20:13:29.458Z",
        "user": 1,
        "content_type": 7,
        "object_id": "10",
        "object_repr": "\n                Id: 10\n                Nombre: Sopa de letras\n                Categoria: \n                Id: 4\n                Nombre: Entradas\n                \n                ",
        "action_flag": 2,
        "change_message": "[{\"changed\": {\"fields\": [\"Imagen\"]}}]"
    }
},
{
    "model": "admin.logentry",
    "pk": 123,
    "fields": {
        "action_time": "2023-05-21T20:13:45.674Z",
        "user": 1,
        "content_type": 7,
        "object_id": "9",
        "object_repr": "\n                Id: 9\n                Nombre: Arroz blanco con verduras\n                Categoria: \n                Id: 4\n                Nombre: Entradas\n                \n                ",
        "action_flag": 2,
        "change_message": "[{\"changed\": {\"fields\": [\"Imagen\"]}}]"
    }
},
{
    "model": "admin.logentry",
    "pk": 124,
    "fields": {
        "action_time": "2023-05-21T20:13:57.972Z",
        "user": 1,
        "content_type": 7,
        "object_id": "8",
        "object_repr": "\n                Id: 8\n                Nombre: Pastel de chocolate\n                Categoria: \n                Id: 3\n                Nombre: Postres\n                \n                ",
        "action_flag": 2,
        "change_message": "[{\"changed\": {\"fields\": [\"Imagen\"]}}]"
    }
},
{
    "model": "admin.logentry",
    "pk": 125,
    "fields": {
        "action_time": "2023-05-21T20:14:08.664Z",
        "user": 1,
        "content_type": 7,
        "object_id": "7",
        "object_repr": "\n                Id: 7\n                Nombre: Flan napolitano\n                Categoria: \n                Id: 3\n                Nombre: Postres\n                \n                ",
        "action_flag": 2,
        "change_message": "[{\"changed\": {\"fields\": [\"Imagen\"]}}]"
    }
},
{
    "model": "admin.logentry",
    "pk": 126,
    "fields": {
        "action_time": "2023-05-21T20:14:17.550Z",
        "user": 1,
        "content_type": 7,
        "object_id": "6",
        "object_repr": "\n                Id: 6\n                Nombre: Boing mango\n                Categoria: \n                Id: 2\n                Nombre: Bebidas\n                \n                ",
        "action_flag": 2,
        "change_message": "[{\"changed\": {\"fields\": [\"Imagen\"]}}]"
    }
},
{
    "model": "admin.logentry",
    "pk": 127,
    "fields": {
        "action_time": "2023-05-21T20:14:33.885Z",
        "user": 1,
        "content_type": 7,
        "object_id": "5",
        "object_repr": "\n                Id: 5\n                Nombre: Sidral\n                Categoria: \n                Id: 2\n                Nombre: Bebidas\n                \n                ",
        "action_flag": 2,
        "change_message": "[{\"changed\": {\"fields\": [\"Imagen\"]}}]"
    }
},
{
    "model": "admin.logentry",
    "pk": 128,
    "fields": {
        "action_time": "2023-05-21T20:15:21.615Z",
        "user": 1,
        "content_type": 7,
        "object_id": "4",
        "object_repr": "\n                Id: 4\n                Nombre: Coca-cola\n                Categoria: \n                Id: 2\n                Nombre: Bebidas\n                \n                ",
        "action_flag": 2,
        "change_message": "[{\"changed\": {\"fields\": [\"Imagen\"]}}]"
    }
},
{
    "model": "admin.logentry",
    "pk": 129,
    "fields": {
        "action_time": "2023-05-21T20:15:35.904Z",
        "user": 1,
        "content_type": 7,
        "object_id": "3",
        "object_repr": "\n                Id: 3\n                Nombre: Botella de agua\n                Categoria: \n                Id: 2\n                Nombre: Bebidas\n                \n                ",
        "action_flag": 2,
        "change_message": "[{\"changed\": {\"fields\": [\"Imagen\"]}}]"
    }
},
{
    "model": "admin.logentry",
    "pk": 130,
    "fields": {
        "action_time": "2023-05-21T20:15:44.624Z",
        "user": 1,
        "content_type": 7,
        "object_id": "2",
        "object_repr": "\n                Id: 2\n                Nombre: Gordita de maciza\n                Categoria: \n                Id: 1\n                Nombre: Platos fuertes\n                \n                ",
        "action_flag": 2,
        "change_message": "[{\"changed\": {\"fields\": [\"Imagen\"]}}]"
    }
},
{
    "model": "admin.logentry",
    "pk": 131,
    "fields": {
        "action_time": "2023-05-21T20:16:00.697Z",
        "user": 1,
        "content_type": 7,
        "object_id": "1",
        "object_repr": "\n                Id: 1\n                Nombre: Flautas de pollo\n                Categoria: \n                Id: 1\n                Nombre: Platos fuertes\n                \n                ",
        "action_flag": 2,
        "change_message": "[{\"changed\": {\"fields\": [\"Imagen\"]}}]"
    }
},
{
    "model": "admin.logentry",
    "pk": 132,
    "fields": {
        "action_time": "2023-05-21T20:16:56.915Z",
        "user": 1,
        "content_type": 7,
        "object_id": "2",
        "object_repr": "\n                Id: 2\n                Nombre: Gordita de maciza\n                Categoria: \n                Id: 1\n                Nombre: Platos fuertes\n                \n                ",
        "action_flag": 2,
        "change_message": "[{\"changed\": {\"fields\": [\"Imagen\"]}}]"
    }
},
{
    "model": "admin.logentry",
    "pk": 133,
    "fields": {
        "action_time": "2023-05-22T00:31:55.120Z",
        "user": 1,
        "content_type": 9,
        "object_id": "47",
        "object_repr": "\n                Id: 47\n                Usuario: \n                Username: admin\n                First name: \n                Last name: \n                Email: admin@afmin.com\n                \n     ",
        "action_flag": 3,
        "change_message": ""
    }
},
{
    "model": "admin.logentry",
    "pk": 134,
    "fields": {
        "action_time": "2023-05-22T00:32:06.250Z",
        "user": 1,
        "content_type": 9,
        "object_id": "46",
        "object_repr": "\n                Id: 46\n                Usuario: \n                Username: admin\n                First name: \n                Last name: \n                Email: admin@afmin.com\n                \n     ",
        "action_flag": 3,
        "change_message": ""
    }
},
{
    "model": "admin.logentry",
    "pk": 135,
    "fields": {
        "action_time": "2023-05-22T00:32:06.257Z",
        "user": 1,
        "content_type": 9,
        "object_id": "45",
        "object_repr": "\n                Id: 45\n                Usuario: \n                Username: admin\n                First name: \n                Last name: \n                Email: admin@afmin.com\n                \n     ",
        "action_flag": 3,
        "change_message": ""
    }
},
{
    "model": "admin.logentry",
    "pk": 136,
    "fields": {
        "action_time": "2023-05-22T00:32:06.266Z",
        "user": 1,
        "content_type": 9,
        "object_id": "44",
        "object_repr": "\n                Id: 44\n                Usuario: \n                Username: admin\n                First name: \n                Last name: \n                Email: admin@afmin.com\n                \n     ",
        "action_flag": 3,
        "change_message": ""
    }
},
{
    "model": "admin.logentry",
    "pk": 137,
    "fields": {
        "action_time": "2023-05-22T00:32:06.274Z",
        "user": 1,
        "content_type": 9,
        "object_id": "43",
        "object_repr": "\n                Id: 43\n                Usuario: \n                Username: admin\n                First name: \n                Last name: \n                Email: admin@afmin.com\n                \n     ",
        "action_flag": 3,
        "change_message": ""
    }
},
{
    "model": "admin.logentry",
    "pk": 138,
    "fields": {
        "action_time": "2023-05-22T00:32:06.282Z",
        "user": 1,
        "content_type": 9,
        "object_id": "42",
        "object_repr": "\n                Id: 42\n                Usuario: \n                Username: admin\n                First name: \n                Last name: \n                Email: admin@afmin.com\n                \n     ",
        "action_flag": 3,
        "change_message": ""
    }
},
{
    "model": "admin.logentry",
    "pk": 139,
    "fields": {
        "action_time": "2023-05-22T00:32:06.290Z",
        "user": 1,
        "content_type": 9,
        "object_id": "41",
        "object_repr": "\n                Id: 41\n                Usuario: \n                Username: admin\n                First name: \n                Last name: \n                Email: admin@afmin.com\n                \n     ",
        "action_flag": 3,
        "change_message": ""
    }
},
{
    "model": "admin.logentry",
    "pk": 140,
    "fields": {
        "action_time": "2023-05-22T00:32:06.297Z",
        "user": 1,
        "content_type": 9,
        "object_id": "40",
        "object_repr": "\n                Id: 40\n                Usuario: \n                Username: admin\n                First name: \n                Last name: \n                Email: admin@afmin.com\n                \n     ",
        "action_flag": 3,
        "change_message": ""
    }
},
{
    "model": "admin.logentry",
    "pk": 141,
    "fields": {
        "action_time": "2023-05-22T00:32:06.306Z",
        "user": 1,
        "content_type": 9,
        "object_id": "39",
        "object_repr": "\n                Id: 39\n                Usuario: \n                Username: admin\n                First name: \n                Last name: \n                Email: admin@afmin.com\n                \n     ",
        "action_flag": 3,
        "change_message": ""
    }
},
{
    "model": "admin.logentry",
    "pk": 142,
    "fields": {
        "action_time": "2023-05-22T00:32:06.314Z",
        "user": 1,
        "content_type": 9,
        "object_id": "38",
        "object_repr": "\n                Id: 38\n                Usuario: \n                Username: admin\n                First name: \n                Last name: \n                Email: admin@afmin.com\n                \n     ",
        "action_flag": 3,
        "change_message": ""
    }
},
{
    "model": "admin.logentry",
    "pk": 143,
    "fields": {
        "action_time": "2023-05-22T00:32:06.322Z",
        "user": 1,
        "content_type": 9,
        "object_id": "37",
        "object_repr": "\n                Id: 37\n                Usuario: \n                Username: admin\n                First name: \n                Last name: \n                Email: admin@afmin.com\n                \n     ",
        "action_flag": 3,
        "change_message": ""
    }
},
{
    "model": "admin.logentry",
    "pk": 144,
    "fields": {
        "action_time": "2023-05-22T00:32:06.329Z",
        "user": 1,
        "content_type": 9,
        "object_id": "36",
        "object_repr": "\n                Id: 36\n                Usuario: \n                Username: admin\n                First name: \n                Last name: \n                Email: admin@afmin.com\n                \n     ",
        "action_flag": 3,
        "change_message": ""
    }
},
{
    "model": "admin.logentry",
    "pk": 145,
    "fields": {
        "action_time": "2023-05-22T00:32:06.336Z",
        "user": 1,
        "content_type": 9,
        "object_id": "35",
        "object_repr": "\n                Id: 35\n                Usuario: \n                Username: admin\n                First name: \n                Last name: \n                Email: admin@afmin.com\n                \n     ",
        "action_flag": 3,
        "change_message": ""
    }
},
{
    "model": "admin.logentry",
    "pk": 146,
    "fields": {
        "action_time": "2023-05-22T00:32:06.343Z",
        "user": 1,
        "content_type": 9,
        "object_id": "34",
        "object_repr": "\n                Id: 34\n                Usuario: \n                Username: admin\n                First name: \n                Last name: \n                Email: admin@afmin.com\n                \n     ",
        "action_flag": 3,
        "change_message": ""
    }
},
{
    "model": "admin.logentry",
    "pk": 147,
    "fields": {
        "action_time": "2023-05-22T00:32:06.351Z",
        "user": 1,
        "content_type": 9,
        "object_id": "33",
        "object_repr": "\n                Id: 33\n                Usuario: \n                Username: admin\n                First name: \n                Last name: \n                Email: admin@afmin.com\n                \n     ",
        "action_flag": 3,
        "change_message": ""
    }
},
{
    "model": "admin.logentry",
    "pk": 148,
    "fields": {
        "action_time": "2023-05-22T00:32:06.359Z",
        "user": 1,
        "content_type": 9,
        "object_id": "32",
        "object_repr": "\n                Id: 32\n                Usuario: \n                Username: admin\n                First name: \n                Last name: \n                Email: admin@afmin.com\n                \n     ",
        "action_flag": 3,
        "change_message": ""
    }
},
{
    "model": "admin.logentry",
    "pk": 149,
    "fields": {
        "action_time": "2023-05-22T00:32:06.367Z",
        "user": 1,
        "content_type": 9,
        "object_id": "31",
        "object_repr": "\n                Id: 31\n                Usuario: \n                Username: admin\n                First name: \n                Last name: \n                Email: admin@afmin.com\n                \n     ",
        "action_flag": 3,
        "change_message": ""
    }
},
{
    "model": "admin.logentry",
    "pk": 150,
    "fields": {
        "action_time": "2023-05-22T00:32:06.375Z",
        "user": 1,
        "content_type": 9,
        "object_id": "30",
        "object_repr": "\n                Id: 30\n                Usuario: \n                Username: admin\n                First name: \n                Last name: \n                Email: admin@afmin.com\n                \n     ",
        "action_flag": 3,
        "change_message": ""
    }
},
{
    "model": "admin.logentry",
    "pk": 151,
    "fields": {
        "action_time": "2023-05-22T00:32:06.383Z",
        "user": 1,
        "content_type": 9,
        "object_id": "29",
        "object_repr": "\n                Id: 29\n                Usuario: \n                Username: admin\n                First name: \n                Last name: \n                Email: admin@afmin.com\n                \n     ",
        "action_flag": 3,
        "change_message": ""
    }
},
{
    "model": "admin.logentry",
    "pk": 152,
    "fields": {
        "action_time": "2023-05-22T00:32:06.391Z",
        "user": 1,
        "content_type": 9,
        "object_id": "28",
        "object_repr": "\n                Id: 28\n                Usuario: \n                Username: admin\n                First name: \n                Last name: \n                Email: admin@afmin.com\n                \n     ",
        "action_flag": 3,
        "change_message": ""
    }
},
{
    "model": "admin.logentry",
    "pk": 153,
    "fields": {
        "action_time": "2023-05-22T00:32:06.399Z",
        "user": 1,
        "content_type": 9,
        "object_id": "27",
        "object_repr": "\n                Id: 27\n                Usuario: \n                Username: admin\n                First name: \n                Last name: \n                Email: admin@afmin.com\n                \n     ",
        "action_flag": 3,
        "change_message": ""
    }
},
{
    "model": "admin.logentry",
    "pk": 154,
    "fields": {
        "action_time": "2023-05-22T00:32:06.407Z",
        "user": 1,
        "content_type": 9,
        "object_id": "26",
        "object_repr": "\n                Id: 26\n                Usuario: \n                Username: admin\n                First name: \n                Last name: \n                Email: admin@afmin.com\n                \n     ",
        "action_flag": 3,
        "change_message": ""
    }
},
{
    "model": "admin.logentry",
    "pk": 155,
    "fields": {
        "action_time": "2023-05-22T00:32:06.416Z",
        "user": 1,
        "content_type": 9,
        "object_id": "25",
        "object_repr": "\n                Id: 25\n                Usuario: \n                Username: admin\n                First name: \n                Last name: \n                Email: admin@afmin.com\n                \n     ",
        "action_flag": 3,
        "change_message": ""
    }
},
{
    "model": "admin.logentry",
    "pk": 156,
    "fields": {
        "action_time": "2023-05-22T00:32:06.425Z",
        "user": 1,
        "content_type": 9,
        "object_id": "24",
        "object_repr": "\n                Id: 24\n                Usuario: \n                Username: admin\n                First name: \n                Last name: \n                Email: admin@afmin.com\n                \n     ",
        "action_flag": 3,
        "change_message": ""
    }
},
{
    "model": "admin.logentry",
    "pk": 157,
    "fields": {
        "action_time": "2023-05-22T00:32:06.434Z",
        "user": 1,
        "content_type": 9,
        "object_id": "23",
        "object_repr": "\n                Id: 23\n                Usuario: \n                Username: admin\n                First name: \n                Last name: \n                Email: admin@afmin.com\n                \n     ",
        "action_flag": 3,
        "change_message": ""
    }
},
{
    "model": "admin.logentry",
    "pk": 158,
    "fields": {
        "action_time": "2023-05-22T00:32:06.444Z",
        "user": 1,
        "content_type": 9,
        "object_id": "22",
        "object_repr": "\n                Id: 22\n                Usuario: \n                Username: admin\n                First name: \n                Last name: \n                Email: admin@afmin.com\n                \n     ",
        "action_flag": 3,
        "change_message": ""
    }
},
{
    "model": "admin.logentry",
    "pk": 159,
    "fields": {
        "action_time": "2023-05-22T00:32:06.457Z",
        "user": 1,
        "content_type": 9,
        "object_id": "21",
        "object_repr": "\n                Id: 21\n                Usuario: \n                Username: admin\n                First name: \n                Last name: \n                Email: admin@afmin.com\n                \n     ",
        "action_flag": 3,
        "change_message": ""
    }
},
{
    "model": "admin.logentry",
    "pk": 160,
    "fields": {
        "action_time": "2023-05-22T00:32:06.467Z",
        "user": 1,
        "content_type": 9,
        "object_id": "20",
        "object_repr": "\n                Id: 20\n                Usuario: \n                Username: admin\n                First name: \n                Last name: \n                Email: admin@afmin.com\n                \n     ",
        "action_flag": 3,
        "change_message": ""
    }
},
{
    "model": "admin.logentry",
    "pk": 161,
    "fields": {
        "action_time": "2023-05-22T00:32:06.476Z",
        "user": 1,
        "content_type": 9,
        "object_id": "19",
        "object_repr": "\n                Id: 19\n                Usuario: \n                Username: admin\n                First name: \n                Last name: \n                Email: admin@afmin.com\n                \n     ",
        "action_flag": 3,
        "change_message": ""
    }
},
{
    "model": "admin.logentry",
    "pk": 162,
    "fields": {
        "action_time": "2023-05-22T00:32:06.486Z",
        "user": 1,
        "content_type": 9,
        "object_id": "18",
        "object_repr": "\n                Id: 18\n                Usuario: \n                Username: admin\n                First name: \n                Last name: \n                Email: admin@afmin.com\n                \n     ",
        "action_flag": 3,
        "change_message": ""
    }
},
{
    "model": "admin.logentry",
    "pk": 163,
    "fields": {
        "action_time": "2023-05-22T00:32:06.495Z",
        "user": 1,
        "content_type": 9,
        "object_id": "17",
        "object_repr": "\n                Id: 17\n                Usuario: \n                Username: admin\n                First name: \n                Last name: \n                Email: admin@afmin.com\n                \n     ",
        "action_flag": 3,
        "change_message": ""
    }
},
{
    "model": "admin.logentry",
    "pk": 164,
    "fields": {
        "action_time": "2023-05-22T00:32:06.506Z",
        "user": 1,
        "content_type": 9,
        "object_id": "16",
        "object_repr": "\n                Id: 16\n                Usuario: \n                Username: admin\n                First name: \n                Last name: \n                Email: admin@afmin.com\n                \n     ",
        "action_flag": 3,
        "change_message": ""
    }
},
{
    "model": "admin.logentry",
    "pk": 165,
    "fields": {
        "action_time": "2023-05-22T00:32:06.516Z",
        "user": 1,
        "content_type": 9,
        "object_id": "15",
        "object_repr": "\n                Id: 15\n                Usuario: \n                Username: admin\n                First name: \n                Last name: \n                Email: admin@afmin.com\n                \n     ",
        "action_flag": 3,
        "change_message": ""
    }
},
{
    "model": "admin.logentry",
    "pk": 166,
    "fields": {
        "action_time": "2023-05-22T00:32:06.525Z",
        "user": 1,
        "content_type": 9,
        "object_id": "14",
        "object_repr": "\n                Id: 14\n                Usuario: \n                Username: admin\n                First name: \n                Last name: \n                Email: admin@afmin.com\n                \n     ",
        "action_flag": 3,
        "change_message": ""
    }
},
{
    "model": "admin.logentry",
    "pk": 167,
    "fields": {
        "action_time": "2023-05-22T00:32:06.533Z",
        "user": 1,
        "content_type": 9,
        "object_id": "13",
        "object_repr": "\n                Id: 13\n                Usuario: \n                Username: admin\n                First name: \n                Last name: \n                Email: admin@afmin.com\n                \n     ",
        "action_flag": 3,
        "change_message": ""
    }
},
{
    "model": "admin.logentry",
    "pk": 168,
    "fields": {
        "action_time": "2023-05-22T00:32:06.541Z",
        "user": 1,
        "content_type": 9,
        "object_id": "12",
        "object_repr": "\n                Id: 12\n                Usuario: \n                Username: admin\n                First name: \n                Last name: \n                Email: admin@afmin.com\n                \n     ",
        "action_flag": 3,
        "change_message": ""
    }
},
{
    "model": "admin.logentry",
    "pk": 169,
    "fields": {
        "action_time": "2023-05-22T00:32:06.552Z",
        "user": 1,
        "content_type": 9,
        "object_id": "11",
        "object_repr": "\n                Id: 11\n                Usuario: \n                Username: admin\n                First name: \n                Last name: \n                Email: admin@afmin.com\n                \n     ",
        "action_flag": 3,
        "change_message": ""
    }
},
{
    "model": "admin.logentry",
    "pk": 170,
    "fields": {
        "action_time": "2023-05-22T00:32:06.562Z",
        "user": 1,
        "content_type": 9,
        "object_id": "10",
        "object_repr": "\n                Id: 10\n                Usuario: \n                Username: admin\n                First name: \n                Last name: \n                Email: admin@afmin.com\n                \n     ",
        "action_flag": 3,
        "change_message": ""
    }
},
{
    "model": "admin.logentry",
    "pk": 171,
    "fields": {
        "action_time": "2023-05-22T00:32:06.572Z",
        "user": 1,
        "content_type": 9,
        "object_id": "9",
        "object_repr": "\n                Id: 9\n                Usuario: \n                Username: admin\n                First name: \n                Last name: \n                Email: admin@afmin.com\n                \n      ",
        "action_flag": 3,
        "change_message": ""
    }
},
{
    "model": "admin.logentry",
    "pk": 172,
    "fields": {
        "action_time": "2023-05-22T00:32:06.582Z",
        "user": 1,
        "content_type": 9,
        "object_id": "8",
        "object_repr": "\n                Id: 8\n                Usuario: \n                Username: admin\n                First name: \n                Last name: \n                Email: admin@afmin.com\n                \n      ",
        "action_flag": 3,
        "change_message": ""
    }
},
{
    "model": "admin.logentry",
    "pk": 173,
    "fields": {
        "action_time": "2023-05-22T00:32:06.592Z",
        "user": 1,
        "content_type": 9,
        "object_id": "7",
        "object_repr": "\n                Id: 7\n                Usuario: \n                Username: admin\n                First name: \n                Last name: \n                Email: admin@afmin.com\n                \n      ",
        "action_flag": 3,
        "change_message": ""
    }
},
{
    "model": "admin.logentry",
    "pk": 174,
    "fields": {
        "action_time": "2023-05-22T00:32:06.602Z",
        "user": 1,
        "content_type": 9,
        "object_id": "6",
        "object_repr": "\n                Id: 6\n                Usuario: \n                Username: admin\n                First name: \n                Last name: \n                Email: admin@afmin.com\n                \n      ",
        "action_flag": 3,
        "change_message": ""
    }
},
{
    "model": "admin.logentry",
    "pk": 175,
    "fields": {
        "action_time": "2023-05-22T00:32:06.615Z",
        "user": 1,
        "content_type": 9,
        "object_id": "5",
        "object_repr": "\n                Id: 5\n                Usuario: \n                Username: admin\n                First name: \n                Last name: \n                Email: admin@afmin.com\n                \n      ",
        "action_flag": 3,
        "change_message": ""
    }
},
{
    "model": "admin.logentry",
    "pk": 176,
    "fields": {
        "action_time": "2023-05-22T00:32:06.624Z",
        "user": 1,
        "content_type": 9,
        "object_id": "4",
        "object_repr": "\n                Id: 4\n                Usuario: \n                Username: admin\n                First name: \n                Last name: \n                Email: admin@afmin.com\n                \n      ",
        "action_flag": 3,
        "change_message": ""
    }
},
{
    "model": "admin.logentry",
    "pk": 177,
    "fields": {
        "action_time": "2023-05-22T00:32:19.176Z",
        "user": 1,
        "content_type": 16,
        "object_id": "95",
        "object_repr": "\n                Id: 95\n                Orden: None\n                ",
        "action_flag": 3,
        "change_message": ""
    }
},
{
    "model": "admin.logentry",
    "pk": 178,
    "fields": {
        "action_time": "2023-05-22T00:32:19.185Z",
        "user": 1,
        "content_type": 16,
        "object_id": "94",
        "object_repr": "\n                Id: 94\n                Orden: None\n                ",
        "action_flag": 3,
        "change_message": ""
    }
},
{
    "model": "admin.logentry",
    "pk": 179,
    "fields": {
        "action_time": "2023-05-22T00:32:19.193Z",
        "user": 1,
        "content_type": 16,
        "object_id": "93",
        "object_repr": "\n                Id: 93\n                Orden: None\n                ",
        "action_flag": 3,
        "change_message": ""
    }
},
{
    "model": "admin.logentry",
    "pk": 180,
    "fields": {
        "action_time": "2023-05-22T00:32:19.201Z",
        "user": 1,
        "content_type": 16,
        "object_id": "92",
        "object_repr": "\n                Id: 92\n                Orden: None\n                ",
        "action_flag": 3,
        "change_message": ""
    }
},
{
    "model": "admin.logentry",
    "pk": 181,
    "fields": {
        "action_time": "2023-05-22T00:32:19.209Z",
        "user": 1,
        "content_type": 16,
        "object_id": "91",
        "object_repr": "\n                Id: 91\n                Orden: None\n                ",
        "action_flag": 3,
        "change_message": ""
    }
},
{
    "model": "admin.logentry",
    "pk": 182,
    "fields": {
        "action_time": "2023-05-22T00:32:19.216Z",
        "user": 1,
        "content_type": 16,
        "object_id": "90",
        "object_repr": "\n                Id: 90\n                Orden: None\n                ",
        "action_flag": 3,
        "change_message": ""
    }
},
{
    "model": "admin.logentry",
    "pk": 183,
    "fields": {
        "action_time": "2023-05-22T00:32:19.224Z",
        "user": 1,
        "content_type": 16,
        "object_id": "89",
        "object_repr": "\n                Id: 89\n                Orden: None\n                ",
        "action_flag": 3,
        "change_message": ""
    }
},
{
    "model": "admin.logentry",
    "pk": 184,
    "fields": {
        "action_time": "2023-05-22T00:32:19.231Z",
        "user": 1,
        "content_type": 16,
        "object_id": "88",
        "object_repr": "\n                Id: 88\n                Orden: None\n                ",
        "action_flag": 3,
        "change_message": ""
    }
},
{
    "model": "admin.logentry",
    "pk": 185,
    "fields": {
        "action_time": "2023-05-22T00:32:19.237Z",
        "user": 1,
        "content_type": 16,
        "object_id": "87",
        "object_repr": "\n                Id: 87\n                Orden: None\n                ",
        "action_flag": 3,
        "change_message": ""
    }
},
{
    "model": "admin.logentry",
    "pk": 186,
    "fields": {
        "action_time": "2023-05-22T00:32:19.244Z",
        "user": 1,
        "content_type": 16,
        "object_id": "86",
        "object_repr": "\n                Id: 86\n                Orden: None\n                ",
        "action_flag": 3,
        "change_message": ""
    }
},
{
    "model": "admin.logentry",
    "pk": 187,
    "fields": {
        "action_time": "2023-05-22T00:32:19.252Z",
        "user": 1,
        "content_type": 16,
        "object_id": "85",
        "object_repr": "\n                Id: 85\n                Orden: None\n                ",
        "action_flag": 3,
        "change_message": ""
    }
},
{
    "model": "admin.logentry",
    "pk": 188,
    "fields": {
        "action_time": "2023-05-22T00:32:19.259Z",
        "user": 1,
        "content_type": 16,
        "object_id": "84",
        "object_repr": "\n                Id: 84\n                Orden: None\n                ",
        "action_flag": 3,
        "change_message": ""
    }
},
{
    "model": "admin.logentry",
    "pk": 189,
    "fields": {
        "action_time": "2023-05-22T00:32:19.266Z",
        "user": 1,
        "content_type": 16,
        "object_id": "83",
        "object_repr": "\n                Id: 83\n                Orden: None\n                ",
        "action_flag": 3,
        "change_message": ""
    }
},
{
    "model": "admin.logentry",
    "pk": 190,
    "fields": {
        "action_time": "2023-05-22T00:32:19.274Z",
        "user": 1,
        "content_type": 16,
        "object_id": "82",
        "object_repr": "\n                Id: 82\n                Orden: None\n                ",
        "action_flag": 3,
        "change_message": ""
    }
},
{
    "model": "admin.logentry",
    "pk": 191,
    "fields": {
        "action_time": "2023-05-22T00:32:19.281Z",
        "user": 1,
        "content_type": 16,
        "object_id": "81",
        "object_repr": "\n                Id: 81\n                Orden: None\n                ",
        "action_flag": 3,
        "change_message": ""
    }
},
{
    "model": "admin.logentry",
    "pk": 192,
    "fields": {
        "action_time": "2023-05-22T00:32:19.289Z",
        "user": 1,
        "content_type": 16,
        "object_id": "80",
        "object_repr": "\n                Id: 80\n                Orden: None\n                ",
        "action_flag": 3,
        "change_message": ""
    }
},
{
    "model": "admin.logentry",
    "pk": 193,
    "fields": {
        "action_time": "2023-05-22T00:32:19.297Z",
        "user": 1,
        "content_type": 16,
        "object_id": "79",
        "object_repr": "\n                Id: 79\n                Orden: None\n                ",
        "action_flag": 3,
        "change_message": ""
    }
},
{
    "model": "admin.logentry",
    "pk": 194,
    "fields": {
        "action_time": "2023-05-22T00:32:19.304Z",
        "user": 1,
        "content_type": 16,
        "object_id": "78",
        "object_repr": "\n                Id: 78\n                Orden: None\n                ",
        "action_flag": 3,
        "change_message": ""
    }
},
{
    "model": "admin.logentry",
    "pk": 195,
    "fields": {
        "action_time": "2023-05-22T00:32:19.313Z",
        "user": 1,
        "content_type": 16,
        "object_id": "77",
        "object_repr": "\n                Id: 77\n                Orden: None\n                ",
        "action_flag": 3,
        "change_message": ""
    }
},
{
    "model": "admin.logentry",
    "pk": 196,
    "fields": {
        "action_time": "2023-05-22T00:32:19.321Z",
        "user": 1,
        "content_type": 16,
        "object_id": "76",
        "object_repr": "\n                Id: 76\n                Orden: None\n                ",
        "action_flag": 3,
        "change_message": ""
    }
},
{
    "model": "admin.logentry",
    "pk": 197,
    "fields": {
        "action_time": "2023-05-22T00:32:19.328Z",
        "user": 1,
        "content_type": 16,
        "object_id": "75",
        "object_repr": "\n                Id: 75\n                Orden: None\n                ",
        "action_flag": 3,
        "change_message": ""
    }
},
{
    "model": "admin.logentry",
    "pk": 198,
    "fields": {
        "action_time": "2023-05-22T00:32:19.335Z",
        "user": 1,
        "content_type": 16,
        "object_id": "74",
        "object_repr": "\n                Id: 74\n                Orden: None\n                ",
        "action_flag": 3,
        "change_message": ""
    }
},
{
    "model": "admin.logentry",
    "pk": 199,
    "fields": {
        "action_time": "2023-05-22T00:32:19.342Z",
        "user": 1,
        "content_type": 16,
        "object_id": "73",
        "object_repr": "\n                Id: 73\n                Orden: None\n                ",
        "action_flag": 3,
        "change_message": ""
    }
},
{
    "model": "admin.logentry",
    "pk": 200,
    "fields": {
        "action_time": "2023-05-22T00:32:19.352Z",
        "user": 1,
        "content_type": 16,
        "object_id": "72",
        "object_repr": "\n                Id: 72\n                Orden: None\n                ",
        "action_flag": 3,
        "change_message": ""
    }
},
{
    "model": "admin.logentry",
    "pk": 201,
    "fields": {
        "action_time": "2023-05-22T00:32:19.359Z",
        "user": 1,
        "content_type": 16,
        "object_id": "71",
        "object_repr": "\n                Id: 71\n                Orden: None\n                ",
        "action_flag": 3,
        "change_message": ""
    }
},
{
    "model": "admin.logentry",
    "pk": 202,
    "fields": {
        "action_time": "2023-05-22T00:32:19.366Z",
        "user": 1,
        "content_type": 16,
        "object_id": "70",
        "object_repr": "\n                Id: 70\n                Orden: None\n                ",
        "action_flag": 3,
        "change_message": ""
    }
},
{
    "model": "admin.logentry",
    "pk": 203,
    "fields": {
        "action_time": "2023-05-22T00:32:19.372Z",
        "user": 1,
        "content_type": 16,
        "object_id": "69",
        "object_repr": "\n                Id: 69\n                Orden: None\n                ",
        "action_flag": 3,
        "change_message": ""
    }
},
{
    "model": "admin.logentry",
    "pk": 204,
    "fields": {
        "action_time": "2023-05-22T00:32:19.379Z",
        "user": 1,
        "content_type": 16,
        "object_id": "68",
        "object_repr": "\n                Id: 68\n                Orden: None\n                ",
        "action_flag": 3,
        "change_message": ""
    }
},
{
    "model": "admin.logentry",
    "pk": 205,
    "fields": {
        "action_time": "2023-05-22T00:32:19.386Z",
        "user": 1,
        "content_type": 16,
        "object_id": "67",
        "object_repr": "\n                Id: 67\n                Orden: None\n                ",
        "action_flag": 3,
        "change_message": ""
    }
},
{
    "model": "admin.logentry",
    "pk": 206,
    "fields": {
        "action_time": "2023-05-22T00:32:19.395Z",
        "user": 1,
        "content_type": 16,
        "object_id": "66",
        "object_repr": "\n                Id: 66\n                Orden: None\n                ",
        "action_flag": 3,
        "change_message": ""
    }
},
{
    "model": "admin.logentry",
    "pk": 207,
    "fields": {
        "action_time": "2023-05-22T00:32:19.403Z",
        "user": 1,
        "content_type": 16,
        "object_id": "65",
        "object_repr": "\n                Id: 65\n                Orden: None\n                ",
        "action_flag": 3,
        "change_message": ""
    }
},
{
    "model": "admin.logentry",
    "pk": 208,
    "fields": {
        "action_time": "2023-05-22T00:32:19.412Z",
        "user": 1,
        "content_type": 16,
        "object_id": "64",
        "object_repr": "\n                Id: 64\n                Orden: None\n                ",
        "action_flag": 3,
        "change_message": ""
    }
},
{
    "model": "admin.logentry",
    "pk": 209,
    "fields": {
        "action_time": "2023-05-22T00:32:19.419Z",
        "user": 1,
        "content_type": 16,
        "object_id": "63",
        "object_repr": "\n                Id: 63\n                Orden: None\n                ",
        "action_flag": 3,
        "change_message": ""
    }
},
{
    "model": "admin.logentry",
    "pk": 210,
    "fields": {
        "action_time": "2023-05-22T00:32:19.427Z",
        "user": 1,
        "content_type": 16,
        "object_id": "62",
        "object_repr": "\n                Id: 62\n                Orden: None\n                ",
        "action_flag": 3,
        "change_message": ""
    }
},
{
    "model": "admin.logentry",
    "pk": 211,
    "fields": {
        "action_time": "2023-05-22T00:32:19.437Z",
        "user": 1,
        "content_type": 16,
        "object_id": "61",
        "object_repr": "\n                Id: 61\n                Orden: None\n                ",
        "action_flag": 3,
        "change_message": ""
    }
},
{
    "model": "admin.logentry",
    "pk": 212,
    "fields": {
        "action_time": "2023-05-22T00:32:19.446Z",
        "user": 1,
        "content_type": 16,
        "object_id": "60",
        "object_repr": "\n                Id: 60\n                Orden: None\n                ",
        "action_flag": 3,
        "change_message": ""
    }
},
{
    "model": "admin.logentry",
    "pk": 213,
    "fields": {
        "action_time": "2023-05-22T00:32:19.454Z",
        "user": 1,
        "content_type": 16,
        "object_id": "59",
        "object_repr": "\n                Id: 59\n                Orden: None\n                ",
        "action_flag": 3,
        "change_message": ""
    }
},
{
    "model": "admin.logentry",
    "pk": 214,
    "fields": {
        "action_time": "2023-05-22T00:32:19.463Z",
        "user": 1,
        "content_type": 16,
        "object_id": "58",
        "object_repr": "\n                Id: 58\n                Orden: None\n                ",
        "action_flag": 3,
        "change_message": ""
    }
},
{
    "model": "admin.logentry",
    "pk": 215,
    "fields": {
        "action_time": "2023-05-22T00:32:19.472Z",
        "user": 1,
        "content_type": 16,
        "object_id": "57",
        "object_repr": "\n                Id: 57\n                Orden: None\n                ",
        "action_flag": 3,
        "change_message": ""
    }
},
{
    "model": "admin.logentry",
    "pk": 216,
    "fields": {
        "action_time": "2023-05-22T00:32:19.480Z",
        "user": 1,
        "content_type": 16,
        "object_id": "56",
        "object_repr": "\n                Id: 56\n                Orden: None\n                ",
        "action_flag": 3,
        "change_message": ""
    }
},
{
    "model": "admin.logentry",
    "pk": 217,
    "fields": {
        "action_time": "2023-05-22T00:32:19.488Z",
        "user": 1,
        "content_type": 16,
        "object_id": "55",
        "object_repr": "\n                Id: 55\n                Orden: None\n                ",
        "action_flag": 3,
        "change_message": ""
    }
},
{
    "model": "admin.logentry",
    "pk": 218,
    "fields": {
        "action_time": "2023-05-22T00:32:19.497Z",
        "user": 1,
        "content_type": 16,
        "object_id": "54",
        "object_repr": "\n                Id: 54\n                Orden: None\n                ",
        "action_flag": 3,
        "change_message": ""
    }
},
{
    "model": "admin.logentry",
    "pk": 219,
    "fields": {
        "action_time": "2023-05-22T00:32:19.505Z",
        "user": 1,
        "content_type": 16,
        "object_id": "53",
        "object_repr": "\n                Id: 53\n                Orden: None\n                ",
        "action_flag": 3,
        "change_message": ""
    }
},
{
    "model": "admin.logentry",
    "pk": 220,
    "fields": {
        "action_time": "2023-05-22T00:32:19.514Z",
        "user": 1,
        "content_type": 16,
        "object_id": "52",
        "object_repr": "\n                Id: 52\n                Orden: None\n                ",
        "action_flag": 3,
        "change_message": ""
    }
},
{
    "model": "admin.logentry",
    "pk": 221,
    "fields": {
        "action_time": "2023-05-22T00:32:19.526Z",
        "user": 1,
        "content_type": 16,
        "object_id": "51",
        "object_repr": "\n                Id: 51\n                Orden: None\n                ",
        "action_flag": 3,
        "change_message": ""
    }
},
{
    "model": "admin.logentry",
    "pk": 222,
    "fields": {
        "action_time": "2023-05-22T00:32:19.539Z",
        "user": 1,
        "content_type": 16,
        "object_id": "50",
        "object_repr": "\n                Id: 50\n                Orden: None\n                ",
        "action_flag": 3,
        "change_message": ""
    }
},
{
    "model": "admin.logentry",
    "pk": 223,
    "fields": {
        "action_time": "2023-05-22T00:32:19.547Z",
        "user": 1,
        "content_type": 16,
        "object_id": "49",
        "object_repr": "\n                Id: 49\n                Orden: None\n                ",
        "action_flag": 3,
        "change_message": ""
    }
},
{
    "model": "admin.logentry",
    "pk": 224,
    "fields": {
        "action_time": "2023-05-22T00:32:19.554Z",
        "user": 1,
        "content_type": 16,
        "object_id": "48",
        "object_repr": "\n                Id: 48\n                Orden: None\n                ",
        "action_flag": 3,
        "change_message": ""
    }
},
{
    "model": "admin.logentry",
    "pk": 225,
    "fields": {
        "action_time": "2023-05-22T00:32:19.560Z",
        "user": 1,
        "content_type": 16,
        "object_id": "47",
        "object_repr": "\n                Id: 47\n                Orden: None\n                ",
        "action_flag": 3,
        "change_message": ""
    }
},
{
    "model": "admin.logentry",
    "pk": 226,
    "fields": {
        "action_time": "2023-05-22T00:32:19.568Z",
        "user": 1,
        "content_type": 16,
        "object_id": "46",
        "object_repr": "\n                Id: 46\n                Orden: None\n                ",
        "action_flag": 3,
        "change_message": ""
    }
},
{
    "model": "admin.logentry",
    "pk": 227,
    "fields": {
        "action_time": "2023-05-22T00:39:15.187Z",
        "user": 1,
        "content_type": 6,
        "object_id": "9999",
        "object_repr": "\n                Id: 9999\n                Nombre: Prueba\n                ",
        "action_flag": 3,
        "change_message": ""
    }
},
{
    "model": "admin.logentry",
    "pk": 228,
    "fields": {
        "action_time": "2023-05-22T01:00:32.966Z",
        "user": 1,
        "content_type": 16,
        "object_id": "98",
        "object_repr": "\n                Id: 98\n                Orden: \n                Id: 49\n                Usuario: \n                Username: admin\n                First name: \n                Last name: \n              ",
        "action_flag": 3,
        "change_message": ""
    }
},
{
    "model": "admin.logentry",
    "pk": 229,
    "fields": {
        "action_time": "2023-05-22T01:00:32.978Z",
        "user": 1,
        "content_type": 16,
        "object_id": "97",
        "object_repr": "\n                Id: 97\n                Orden: \n                Id: 48\n                Usuario: \n                Username: admin\n                First name: \n                Last name: \n              ",
        "action_flag": 3,
        "change_message": ""
    }
},
{
    "model": "admin.logentry",
    "pk": 230,
    "fields": {
        "action_time": "2023-05-22T01:00:32.991Z",
        "user": 1,
        "content_type": 16,
        "object_id": "96",
        "object_repr": "\n                Id: 96\n                Orden: \n                Id: 48\n                Usuario: \n                Username: admin\n                First name: \n                Last name: \n              ",
        "action_flag": 3,
        "change_message": ""
    }
},
{
    "model": "admin.logentry",
    "pk": 231,
    "fields": {
        "action_time": "2023-05-22T01:00:39.024Z",
        "user": 1,
        "content_type": 9,
        "object_id": "49",
        "object_repr": "\n                Id: 49\n                Usuario: \n                Username: admin\n                First name: \n                Last name: \n                Email: admin@afmin.com\n                \n     ",
        "action_flag": 3,
        "change_message": ""
    }
},
{
    "model": "admin.logentry",
    "pk": 232,
    "fields": {
        "action_time": "2023-05-22T01:00:39.034Z",
        "user": 1,
        "content_type": 9,
        "object_id": "48",
        "object_repr": "\n                Id: 48\n                Usuario: \n                Username: admin\n                First name: \n                Last name: \n                Email: admin@afmin.com\n                \n     ",
        "action_flag": 3,
        "change_message": ""
    }
},
{
    "model": "admin.logentry",
    "pk": 233,
    "fields": {
        "action_time": "2023-05-22T01:00:52.461Z",
        "user": 1,
        "content_type": 16,
        "object_id": "99",
        "object_repr": "\n                Id: 99\n                Orden: None\n                ",
        "action_flag": 3,
        "change_message": ""
    }
},
{
    "model": "auth.permission",
    "pk": 1,
    "fields": {
        "name": "Can add log entry",
        "content_type": 1,
        "codename": "add_logentry"
    }
},
{
    "model": "auth.permission",
    "pk": 2,
    "fields": {
        "name": "Can change log entry",
        "content_type": 1,
        "codename": "change_logentry"
    }
},
{
    "model": "auth.permission",
    "pk": 3,
    "fields": {
        "name": "Can delete log entry",
        "content_type": 1,
        "codename": "delete_logentry"
    }
},
{
    "model": "auth.permission",
    "pk": 4,
    "fields": {
        "name": "Can view log entry",
        "content_type": 1,
        "codename": "view_logentry"
    }
},
{
    "model": "auth.permission",
    "pk": 5,
    "fields": {
        "name": "Can add permission",
        "content_type": 2,
        "codename": "add_permission"
    }
},
{
    "model": "auth.permission",
    "pk": 6,
    "fields": {
        "name": "Can change permission",
        "content_type": 2,
        "codename": "change_permission"
    }
},
{
    "model": "auth.permission",
    "pk": 7,
    "fields": {
        "name": "Can delete permission",
        "content_type": 2,
        "codename": "delete_permission"
    }
},
{
    "model": "auth.permission",
    "pk": 8,
    "fields": {
        "name": "Can view permission",
        "content_type": 2,
        "codename": "view_permission"
    }
},
{
    "model": "auth.permission",
    "pk": 9,
    "fields": {
        "name": "Can add group",
        "content_type": 3,
        "codename": "add_group"
    }
},
{
    "model": "auth.permission",
    "pk": 10,
    "fields": {
        "name": "Can change group",
        "content_type": 3,
        "codename": "change_group"
    }
},
{
    "model": "auth.permission",
    "pk": 11,
    "fields": {
        "name": "Can delete group",
        "content_type": 3,
        "codename": "delete_group"
    }
},
{
    "model": "auth.permission",
    "pk": 12,
    "fields": {
        "name": "Can view group",
        "content_type": 3,
        "codename": "view_group"
    }
},
{
    "model": "auth.permission",
    "pk": 13,
    "fields": {
        "name": "Can add content type",
        "content_type": 4,
        "codename": "add_contenttype"
    }
},
{
    "model": "auth.permission",
    "pk": 14,
    "fields": {
        "name": "Can change content type",
        "content_type": 4,
        "codename": "change_contenttype"
    }
},
{
    "model": "auth.permission",
    "pk": 15,
    "fields": {
        "name": "Can delete content type",
        "content_type": 4,
        "codename": "delete_contenttype"
    }
},
{
    "model": "auth.permission",
    "pk": 16,
    "fields": {
        "name": "Can view content type",
        "content_type": 4,
        "codename": "view_contenttype"
    }
},
{
    "model": "auth.permission",
    "pk": 17,
    "fields": {
        "name": "Can add session",
        "content_type": 5,
        "codename": "add_session"
    }
},
{
    "model": "auth.permission",
    "pk": 18,
    "fields": {
        "name": "Can change session",
        "content_type": 5,
        "codename": "change_session"
    }
},
{
    "model": "auth.permission",
    "pk": 19,
    "fields": {
        "name": "Can delete session",
        "content_type": 5,
        "codename": "delete_session"
    }
},
{
    "model": "auth.permission",
    "pk": 20,
    "fields": {
        "name": "Can view session",
        "content_type": 5,
        "codename": "view_session"
    }
},
{
    "model": "auth.permission",
    "pk": 21,
    "fields": {
        "name": "Can add categoria",
        "content_type": 6,
        "codename": "add_categoria"
    }
},
{
    "model": "auth.permission",
    "pk": 22,
    "fields": {
        "name": "Can change categoria",
        "content_type": 6,
        "codename": "change_categoria"
    }
},
{
    "model": "auth.permission",
    "pk": 23,
    "fields": {
        "name": "Can delete categoria",
        "content_type": 6,
        "codename": "delete_categoria"
    }
},
{
    "model": "auth.permission",
    "pk": 24,
    "fields": {
        "name": "Can view categoria",
        "content_type": 6,
        "codename": "view_categoria"
    }
},
{
    "model": "auth.permission",
    "pk": 25,
    "fields": {
        "name": "Can add platillo",
        "content_type": 7,
        "codename": "add_platillo"
    }
},
{
    "model": "auth.permission",
    "pk": 26,
    "fields": {
        "name": "Can change platillo",
        "content_type": 7,
        "codename": "change_platillo"
    }
},
{
    "model": "auth.permission",
    "pk": 27,
    "fields": {
        "name": "Can delete platillo",
        "content_type": 7,
        "codename": "delete_platillo"
    }
},
{
    "model": "auth.permission",
    "pk": 28,
    "fields": {
        "name": "Can view platillo",
        "content_type": 7,
        "codename": "view_platillo"
    }
},
{
    "model": "auth.permission",
    "pk": 29,
    "fields": {
        "name": "Can add User",
        "content_type": 8,
        "codename": "add_user"
    }
},
{
    "model": "auth.permission",
    "pk": 30,
    "fields": {
        "name": "Can change User",
        "content_type": 8,
        "codename": "change_user"
    }
},
{
    "model": "auth.permission",
    "pk": 31,
    "fields": {
        "name": "Can delete User",
        "content_type": 8,
        "codename": "delete_user"
    }
},
{
    "model": "auth.permission",
    "pk": 32,
    "fields": {
        "name": "Can view User",
        "content_type": 8,
        "codename": "view_user"
    }
},
{
    "model": "auth.permission",
    "pk": 33,
    "fields": {
        "name": "Can add orden",
        "content_type": 9,
        "codename": "add_orden"
    }
},
{
    "model": "auth.permission",
    "pk": 34,
    "fields": {
        "name": "Can change orden",
        "content_type": 9,
        "codename": "change_orden"
    }
},
{
    "model": "auth.permission",
    "pk": 35,
    "fields": {
        "name": "Can delete orden",
        "content_type": 9,
        "codename": "delete_orden"
    }
},
{
    "model": "auth.permission",
    "pk": 36,
    "fields": {
        "name": "Can view orden",
        "content_type": 9,
        "codename": "view_orden"
    }
},
{
    "model": "auth.permission",
    "pk": 37,
    "fields": {
        "name": "Can add role",
        "content_type": 10,
        "codename": "add_role"
    }
},
{
    "model": "auth.permission",
    "pk": 38,
    "fields": {
        "name": "Can change role",
        "content_type": 10,
        "codename": "change_role"
    }
},
{
    "model": "auth.permission",
    "pk": 39,
    "fields": {
        "name": "Can delete role",
        "content_type": 10,
        "codename": "delete_role"
    }
},
{
    "model": "auth.permission",
    "pk": 40,
    "fields": {
        "name": "Can view role",
        "content_type": 10,
        "codename": "view_role"
    }
},
{
    "model": "auth.permission",
    "pk": 41,
    "fields": {
        "name": "Can add pedido",
        "content_type": 11,
        "codename": "add_pedido"
    }
},
{
    "model": "auth.permission",
    "pk": 42,
    "fields": {
        "name": "Can change pedido",
        "content_type": 11,
        "codename": "change_pedido"
    }
},
{
    "model": "auth.permission",
    "pk": 43,
    "fields": {
        "name": "Can delete pedido",
        "content_type": 11,
        "codename": "delete_pedido"
    }
},
{
    "model": "auth.permission",
    "pk": 44,
    "fields": {
        "name": "Can view pedido",
        "content_type": 11,
        "codename": "view_pedido"
    }
},
{
    "model": "auth.permission",
    "pk": 45,
    "fields": {
        "name": "Can add subcategoria",
        "content_type": 12,
        "codename": "add_subcategoria"
    }
},
{
    "model": "auth.permission",
    "pk": 46,
    "fields": {
        "name": "Can change subcategoria",
        "content_type": 12,
        "codename": "change_subcategoria"
    }
},
{
    "model": "auth.permission",
    "pk": 47,
    "fields": {
        "name": "Can delete subcategoria",
        "content_type": 12,
        "codename": "delete_subcategoria"
    }
},
{
    "model": "auth.permission",
    "pk": 48,
    "fields": {
        "name": "Can view subcategoria",
        "content_type": 12,
        "codename": "view_subcategoria"
    }
},
{
    "model": "auth.permission",
    "pk": 49,
    "fields": {
        "name": "Can add anuncio",
        "content_type": 13,
        "codename": "add_anuncio"
    }
},
{
    "model": "auth.permission",
    "pk": 50,
    "fields": {
        "name": "Can change anuncio",
        "content_type": 13,
        "codename": "change_anuncio"
    }
},
{
    "model": "auth.permission",
    "pk": 51,
    "fields": {
        "name": "Can delete anuncio",
        "content_type": 13,
        "codename": "delete_anuncio"
    }
},
{
    "model": "auth.permission",
    "pk": 52,
    "fields": {
        "name": "Can view anuncio",
        "content_type": 13,
        "codename": "view_anuncio"
    }
},
{
    "model": "auth.permission",
    "pk": 53,
    "fields": {
        "name": "Can add Promocion",
        "content_type": 14,
        "codename": "add_promocion"
    }
},
{
    "model": "auth.permission",
    "pk": 54,
    "fields": {
        "name": "Can change Promocion",
        "content_type": 14,
        "codename": "change_promocion"
    }
},
{
    "model": "auth.permission",
    "pk": 55,
    "fields": {
        "name": "Can delete Promocion",
        "content_type": 14,
        "codename": "delete_promocion"
    }
},
{
    "model": "auth.permission",
    "pk": 56,
    "fields": {
        "name": "Can view Promocion",
        "content_type": 14,
        "codename": "view_promocion"
    }
},
{
    "model": "auth.permission",
    "pk": 57,
    "fields": {
        "name": "Can add Cupon",
        "content_type": 15,
        "codename": "add_cupon"
    }
},
{
    "model": "auth.permission",
    "pk": 58,
    "fields": {
        "name": "Can change Cupon",
        "content_type": 15,
        "codename": "change_cupon"
    }
},
{
    "model": "auth.permission",
    "pk": 59,
    "fields": {
        "name": "Can delete Cupon",
        "content_type": 15,
        "codename": "delete_cupon"
    }
},
{
    "model": "auth.permission",
    "pk": 60,
    "fields": {
        "name": "Can view Cupon",
        "content_type": 15,
        "codename": "view_cupon"
    }
},
{
    "model": "auth.permission",
    "pk": 61,
    "fields": {
        "name": "Can add carrito",
        "content_type": 16,
        "codename": "add_carrito"
    }
},
{
    "model": "auth.permission",
    "pk": 62,
    "fields": {
        "name": "Can change carrito",
        "content_type": 16,
        "codename": "change_carrito"
    }
},
{
    "model": "auth.permission",
    "pk": 63,
    "fields": {
        "name": "Can delete carrito",
        "content_type": 16,
        "codename": "delete_carrito"
    }
},
{
    "model": "auth.permission",
    "pk": 64,
    "fields": {
        "name": "Can view carrito",
        "content_type": 16,
        "codename": "view_carrito"
    }
},
{
    "model": "auth.group",
    "pk": 1,
    "fields": {
        "name": "comensales",
        "permissions": [
            16,
            36,
            41,
            42,
            43,
            44,
            28,
            40,
            48,
            32
        ]
    }
},
{
    "model": "auth.group",
    "pk": 2,
    "fields": {
        "name": "administradores",
        "permissions": [
            1,
            2,
            3,
            4,
            9,
            10,
            11,
            12,
            5,
            6,
            7,
            8,
            13,
            14,
            15,
            16,
            21,
            22,
            23,
            24,
            33,
            34,
            35,
            36,
            41,
            42,
            43,
            44,
            25,
            26,
            27,
            28,
            37,
            38,
            39,
            40,
            45,
            46,
            47,
            48,
            29,
            30,
            31,
            32,
            17,
            18,
            19,
            20
        ]
    }
},
{
    "model": "contenttypes.contenttype",
    "pk": 1,
    "fields": {
        "app_label": "admin",
        "model": "logentry"
    }
},
{
    "model": "contenttypes.contenttype",
    "pk": 2,
    "fields": {
        "app_label": "auth",
        "model": "permission"
    }
},
{
    "model": "contenttypes.contenttype",
    "pk": 3,
    "fields": {
        "app_label": "auth",
        "model": "group"
    }
},
{
    "model": "contenttypes.contenttype",
    "pk": 4,
    "fields": {
        "app_label": "contenttypes",
        "model": "contenttype"
    }
},
{
    "model": "contenttypes.contenttype",
    "pk": 5,
    "fields": {
        "app_label": "sessions",
        "model": "session"
    }
},
{
    "model": "contenttypes.contenttype",
    "pk": 6,
    "fields": {
        "app_label": "mainApp",
        "model": "categoria"
    }
},
{
    "model": "contenttypes.contenttype",
    "pk": 7,
    "fields": {
        "app_label": "mainApp",
        "model": "platillo"
    }
},
{
    "model": "contenttypes.contenttype",
    "pk": 8,
    "fields": {
        "app_label": "mainApp",
        "model": "user"
    }
},
{
    "model": "contenttypes.contenttype",
    "pk": 9,
    "fields": {
        "app_label": "mainApp",
        "model": "orden"
    }
},
{
    "model": "contenttypes.contenttype",
    "pk": 10,
    "fields": {
        "app_label": "mainApp",
        "model": "role"
    }
},
{
    "model": "contenttypes.contenttype",
    "pk": 11,
    "fields": {
        "app_label": "mainApp",
        "model": "pedido"
    }
},
{
    "model": "contenttypes.contenttype",
    "pk": 12,
    "fields": {
        "app_label": "mainApp",
        "model": "subcategoria"
    }
},
{
    "model": "contenttypes.contenttype",
    "pk": 13,
    "fields": {
        "app_label": "mainApp",
        "model": "anuncio"
    }
},
{
    "model": "contenttypes.contenttype",
    "pk": 14,
    "fields": {
        "app_label": "mainApp",
        "model": "promocion"
    }
},
{
    "model": "contenttypes.contenttype",
    "pk": 15,
    "fields": {
        "app_label": "mainApp",
        "model": "cupon"
    }
},
{
    "model": "contenttypes.contenttype",
    "pk": 16,
    "fields": {
        "app_label": "mainApp",
        "model": "carrito"
    }
},
{
    "model": "sessions.session",
    "pk": "8fwechehbwc3lxoy3hgmy40rno6qmmg1",
    "fields": {
        "session_data": ".eJxVjMEOwiAQBf-FsyFQYAGP3v0GsrAgVQNJaU_Gf9cmPej1zcx7sYDbWsM28hJmYmcm2el3i5geue2A7thunafe1mWOfFf4QQe_dsrPy-H-HVQc9Vsb4clasFpBkRCnJFFl4QiKU-hJGAIyVACyd05ENwlS2mqvpQDvErL3B8WzNv0:1py2Lg:yQYIvlHg22dlV9ebQnwnXHjmLc-OE3j7QywN2ObUYm0",
        "expire_date": "2023-05-28T03:24:40.346Z"
    }
},
{
    "model": "sessions.session",
    "pk": "8i2hz16oioqxr9233zidmdhyvrts6lk1",
    "fields": {
        "session_data": ".eJxVjMEOwiAQBf-FsyFQYAGP3v0GsrAgVQNJaU_Gf9cmPej1zcx7sYDbWsM28hJmYmcm2el3i5geue2A7thunafe1mWOfFf4QQe_dsrPy-H-HVQc9Vsb4clasFpBkRCnJFFl4QiKU-hJGAIyVACyd05ENwlS2mqvpQDvErL3B8WzNv0:1q0DKQ:ubH7pk6cW5ewz_HzIhAeBoPmSZepQ1Vim82E7OHkawY",
        "expire_date": "2023-06-03T03:32:22.222Z"
    }
},
{
    "model": "sessions.session",
    "pk": "aj25hhldre6872cu85lm2stngvmzi8bc",
    "fields": {
        "session_data": ".eJxVjMEOwiAQBf-FsyFQYAGP3v0GsrAgVQNJaU_Gf9cmPej1zcx7sYDbWsM28hJmYmcm2el3i5geue2A7thunafe1mWOfFf4QQe_dsrPy-H-HVQc9Vsb4clasFpBkRCnJFFl4QiKU-hJGAIyVACyd05ENwlS2mqvpQDvErL3B8WzNv0:1pwnWy:diRV6M7-dsi3A5z6JywRFTn1hdVb9CHcr3Ka6MpO0Rc",
        "expire_date": "2023-05-24T17:23:12.877Z"
    }
},
{
    "model": "sessions.session",
    "pk": "b6gaalh0o8vnr6yp8yaqj54xh89f4lrg",
    "fields": {
        "session_data": ".eJxVjMEOwiAQBf-FsyFQYAGP3v0GsrAgVQNJaU_Gf9cmPej1zcx7sYDbWsM28hJmYmcm2el3i5geue2A7thunafe1mWOfFf4QQe_dsrPy-H-HVQc9Vsb4clasFpBkRCnJFFl4QiKU-hJGAIyVACyd05ENwlS2mqvpQDvErL3B8WzNv0:1pzjSC:lfsPjKSFsK2S-GUpkiMc0Xe_bmWR_mtMktwHdos01qk",
        "expire_date": "2023-06-01T19:38:24.754Z"
    }
},
{
    "model": "sessions.session",
    "pk": "ex5fs70qmsoflpoyj02luysx4v4ws8a4",
    "fields": {
        "session_data": ".eJxVjMEOwiAQBf-FsyFQYAGP3v0GsrAgVQNJaU_Gf9cmPej1zcx7sYDbWsM28hJmYmcm2el3i5geue2A7thunafe1mWOfFf4QQe_dsrPy-H-HVQc9Vsb4clasFpBkRCnJFFl4QiKU-hJGAIyVACyd05ENwlS2mqvpQDvErL3B8WzNv0:1q0ZHw:i1bnSd7-O33rmBZcqSnw7l25LSbnzz1F5QPeYS3MdkE",
        "expire_date": "2023-06-04T02:59:16.199Z"
    }
},
{
    "model": "sessions.session",
    "pk": "f9uhneyrpfkicl29ykdokt84vqaer3jp",
    "fields": {
        "session_data": ".eJxVjMEOwiAQBf-FsyFQYAGP3v0GsrAgVQNJaU_Gf9cmPej1zcx7sYDbWsM28hJmYmcm2el3i5geue2A7thunafe1mWOfFf4QQe_dsrPy-H-HVQc9Vsb4clasFpBkRCnJFFl4QiKU-hJGAIyVACyd05ENwlS2mqvpQDvErL3B8WzNv0:1pvQh8:U_ncTZFPcCRanjECKy1-voYIUnWmUJwT8r8G4fRBW0I",
        "expire_date": "2023-05-20T22:48:02.106Z"
    }
},
{
    "model": "sessions.session",
    "pk": "pn346i7k0udwyyuj024739vbgcoko1gs",
    "fields": {
        "session_data": ".eJxVjMEOwiAQBf-FsyFQYAGP3v0GsrAgVQNJaU_Gf9cmPej1zcx7sYDbWsM28hJmYmcm2el3i5geue2A7thunafe1mWOfFf4QQe_dsrPy-H-HVQc9Vsb4clasFpBkRCnJFFl4QiKU-hJGAIyVACyd05ENwlS2mqvpQDvErL3B8WzNv0:1py1aX:cU-9e_tula2dR2Vw9Ida_oNYsGDxXJPcv2EbmRjVmLk",
        "expire_date": "2023-05-28T02:35:57.816Z"
    }
},
{
    "model": "mainApp.user",
    "pk": 1,
    "fields": {
        "password": "pbkdf2_sha256$390000$p1PfuMeRiVgUO1v1OGucT6$Y+VKrRfrvKhWRrjK5reSd5kuXh3WnZhTWP0cnJral8g=",
        "last_login": "2023-05-21T02:59:16.190Z",
        "is_superuser": true,
        "username": "admin",
        "first_name": "",
        "last_name": "",
        "is_staff": true,
        "is_active": true,
        "date_joined": "2023-04-21T23:25:47Z",
        "email": "admin@afmin.com",
        "groups": [
            2
        ],
        "user_permissions": []
    }
},
{
    "model": "mainApp.user",
    "pk": 2,
    "fields": {
        "password": "pbkdf2_sha256$390000$3viYOd8rwFNgGsy3dTqHBn$9s+qwrmQLq5UUa7+NgE6iwsOq+aPvcBKtahbqOMxc0k=",
        "last_login": "2023-05-08T23:27:44.424Z",
        "is_superuser": false,
        "username": "nuevousuario",
        "first_name": "nuevo",
        "last_name": "usuario",
        "is_staff": false,
        "is_active": true,
        "date_joined": "2023-05-08T22:23:31.532Z",
        "email": "nuevo@usuario.com",
        "groups": [],
        "user_permissions": []
    }
},
{
    "model": "mainApp.user",
    "pk": 3,
    "fields": {
        "password": "pbkdf2_sha256$390000$AhGBaI2yAYyOvYtJ60soJT$KORmOHvuxM03JV59ThUx6B4wW/OiY/e65AA81qxOxT0=",
        "last_login": null,
        "is_superuser": false,
        "username": "mesa1",
        "first_name": "",
        "last_name": "",
        "is_staff": false,
        "is_active": true,
        "date_joined": "2023-05-09T01:12:10Z",
        "email": "mesa1@50amigos.com",
        "groups": [
            1
        ],
        "user_permissions": []
    }
},
{
    "model": "mainApp.user",
    "pk": 4,
    "fields": {
        "password": "pbkdf2_sha256$390000$4XFt1vkcIZ5Nm8kimodT4B$kkqqFmZznupqsoUzxVgsh0i20iQwHHWWj0+sZ0xjFuc=",
        "last_login": null,
        "is_superuser": false,
        "username": "mesa2",
        "first_name": "",
        "last_name": "",
        "is_staff": false,
        "is_active": true,
        "date_joined": "2023-05-09T01:12:50Z",
        "email": "mesa2@50amigos.com",
        "groups": [
            1
        ],
        "user_permissions": []
    }
},
{
    "model": "mainApp.user",
    "pk": 5,
    "fields": {
        "password": "pbkdf2_sha256$390000$Kekc4CC2lAPDnJ3kGjbcvq$K2X6ep/D0T1J8hmhlb8C0gnnbXzGq8/UUalzoCbyLsI=",
        "last_login": null,
        "is_superuser": false,
        "username": "mesa3",
        "first_name": "",
        "last_name": "",
        "is_staff": false,
        "is_active": true,
        "date_joined": "2023-05-09T01:13:33Z",
        "email": "mesa3@50amigos.com",
        "groups": [
            1
        ],
        "user_permissions": []
    }
},
{
    "model": "mainApp.user",
    "pk": 6,
    "fields": {
        "password": "pbkdf2_sha256$390000$6QP52MkkApgXtRZnPMvRXv$DOq2OVRpO23OcDVcnJErTW84Mw51ri7c3YaHzxokD7o=",
        "last_login": null,
        "is_superuser": false,
        "username": "mesa4",
        "first_name": "",
        "last_name": "",
        "is_staff": false,
        "is_active": true,
        "date_joined": "2023-05-09T01:13:57Z",
        "email": "mesa4@50amigos.com",
        "groups": [
            1
        ],
        "user_permissions": []
    }
},
{
    "model": "mainApp.user",
    "pk": 7,
    "fields": {
        "password": "pbkdf2_sha256$390000$MMa67aMWtDDBeKY5k035ze$3zf3LZxU3sna2ngDtyrDAS+4Ouvfh2M49i6qfoNUP+I=",
        "last_login": null,
        "is_superuser": false,
        "username": "mesa5",
        "first_name": "",
        "last_name": "",
        "is_staff": false,
        "is_active": true,
        "date_joined": "2023-05-09T01:14:30Z",
        "email": "mesa5@50amigos.com",
        "groups": [
            1
        ],
        "user_permissions": []
    }
},
{
    "model": "mainApp.user",
    "pk": 8,
    "fields": {
        "password": "pbkdf2_sha256$390000$f89GrdXqwV9unP3r5gm4JD$FtLputhpJcymbOVg3rqASfNjE10N0l0ChyfKnWlS69A=",
        "last_login": null,
        "is_superuser": false,
        "username": "mesa6",
        "first_name": "",
        "last_name": "",
        "is_staff": false,
        "is_active": true,
        "date_joined": "2023-05-09T01:14:50Z",
        "email": "mesa6@50amigos.com",
        "groups": [
            1
        ],
        "user_permissions": []
    }
},
{
    "model": "mainApp.user",
    "pk": 888,
    "fields": {
        "password": "pbkdf2_sha256$390000$igYuJIB6nftRsr1DkcCi8l$qTOEL1S2gDG9Ba0NqgL6sOte3kf+Nffw1EjD2azq0do=",
        "last_login": null,
        "is_superuser": false,
        "username": "thisisatest",
        "first_name": "",
        "last_name": "",
        "is_staff": false,
        "is_active": true,
        "date_joined": "2023-05-20T06:25:28.961Z",
        "email": "thisisatest@example.com",
        "groups": [],
        "user_permissions": []
    }
},
{
    "model": "mainApp.user",
    "pk": 9999,
    "fields": {
        "password": "pbkdf2_sha256$390000$PNHepfCZqZBjwA1hN0XWJb$nlY413G9SdPqZqX2P335LAMBLgTUNBfk0nDv+SpfKeM=",
        "last_login": null,
        "is_superuser": false,
        "username": "usuarioInexistente",
        "first_name": "",
        "last_name": "",
        "is_staff": false,
        "is_active": true,
        "date_joined": "2023-05-20T06:21:06.658Z",
        "email": "prueba@prueba.com",
        "groups": [],
        "user_permissions": []
    }
},
{
    "model": "mainApp.categoria",
    "pk": 1,
    "fields": {
        "nombre": "Platos fuertes"
    }
},
{
    "model": "mainApp.categoria",
    "pk": 2,
    "fields": {
        "nombre": "Bebidas"
    }
},
{
    "model": "mainApp.categoria",
    "pk": 3,
    "fields": {
        "nombre": "Postres"
    }
},
{
    "model": "mainApp.categoria",
    "pk": 4,
    "fields": {
        "nombre": "Entradas"
    }
},
{
    "model": "mainApp.categoria",
    "pk": 5,
    "fields": {
        "nombre": "Especiales"
    }
},
{
    "model": "mainApp.categoria",
    "pk": 6,
    "fields": {
        "nombre": "Helados"
    }
},
{
    "model": "mainApp.subcategoria",
    "pk": 1,
    "fields": {
        "nombre": "Antojitos",
        "categoria": 1
    }
},
{
    "model": "mainApp.subcategoria",
    "pk": 2,
    "fields": {
        "nombre": "Bebidas embotelladas",
        "categoria": 2
    }
},
{
    "model": "mainApp.subcategoria",
    "pk": 4,
    "fields": {
        "nombre": "Retornables",
        "categoria": 2
    }
},
{
    "model": "mainApp.subcategoria",
    "pk": 5,
    "fields": {
        "nombre": "Clasicos",
        "categoria": 3
    }
},
{
    "model": "mainApp.subcategoria",
    "pk": 6,
    "fields": {
        "nombre": "Clasicos",
        "categoria": 4
    }
},
{
    "model": "mainApp.subcategoria",
    "pk": 7,
    "fields": {
        "nombre": "Clasicos",
        "categoria": 6
    }
},
{
    "model": "mainApp.subcategoria",
    "pk": 8,
    "fields": {
        "nombre": "De temporada",
        "categoria": 5
    }
},
{
    "model": "mainApp.subcategoria",
    "pk": 9999,
    "fields": {
        "nombre": "Prueba",
        "categoria": null
    }
},
{
    "model": "mainApp.platillo",
    "pk": 1,
    "fields": {
        "nombre": "Flautas de pollo",
        "descripcion": "",
        "imagen": "/static/img/platillos/flautas.jpg",
        "categoria": 1,
        "subcategoria": 1,
        "precio": "100.00",
        "ingredientes": "Tortillas de maiz,Pollo,Crema,Queso"
    }
},
{
    "model": "mainApp.platillo",
    "pk": 2,
    "fields": {
        "nombre": "Gordita de maciza",
        "descripcion": "",
        "imagen": "/static/img/platillos/gordita_maciza.png",
        "categoria": 1,
        "subcategoria": 1,
        "precio": "50.00",
        "ingredientes": ""
    }
},
{
    "model": "mainApp.platillo",
    "pk": 3,
    "fields": {
        "nombre": "Botella de agua",
        "descripcion": "",
        "imagen": "/static/img/platillos/bonafont_600.jpg",
        "categoria": 2,
        "subcategoria": 2,
        "precio": "20.00",
        "ingredientes": "600 ml"
    }
},
{
    "model": "mainApp.platillo",
    "pk": 4,
    "fields": {
        "nombre": "Coca-cola",
        "descripcion": "",
        "imagen": "/static/img/platillos/coca_cola.jpg",
        "categoria": 2,
        "subcategoria": 2,
        "precio": "25.00",
        "ingredientes": "600 ml"
    }
},
{
    "model": "mainApp.platillo",
    "pk": 5,
    "fields": {
        "nombre": "Sidral",
        "descripcion": "",
        "imagen": "/static/img/platillos/sidral.jpg",
        "categoria": 2,
        "subcategoria": 2,
        "precio": "25.00",
        "ingredientes": "600 ml"
    }
},
{
    "model": "mainApp.platillo",
    "pk": 6,
    "fields": {
        "nombre": "Boing mango",
        "descripcion": "",
        "imagen": "/static/img/platillos/boing_mango.jpg",
        "categoria": 2,
        "subcategoria": 4,
        "precio": "25.00",
        "ingredientes": ""
    }
},
{
    "model": "mainApp.platillo",
    "pk": 7,
    "fields": {
        "nombre": "Flan napolitano",
        "descripcion": "",
        "imagen": "/static/img/platillos/flan_napolitano.jpg",
        "categoria": 3,
        "subcategoria": 5,
        "precio": "50.00",
        "ingredientes": ""
    }
},
{
    "model": "mainApp.platillo",
    "pk": 8,
    "fields": {
        "nombre": "Pastel de chocolate",
        "descripcion": "Delicioso pastel con cubierta de chocolate semiamargo",
        "imagen": "/static/img/platillos/pastel_chocolate.jpg",
        "categoria": 3,
        "subcategoria": 5,
        "precio": "50.00",
        "ingredientes": ""
    }
},
{
    "model": "mainApp.platillo",
    "pk": 9,
    "fields": {
        "nombre": "Arroz blanco con verduras",
        "descripcion": "",
        "imagen": "/static/img/platillos/arroz_blanco.jpg",
        "categoria": 4,
        "subcategoria": 6,
        "precio": "50.00",
        "ingredientes": ""
    }
},
{
    "model": "mainApp.platillo",
    "pk": 10,
    "fields": {
        "nombre": "Sopa de letras",
        "descripcion": "",
        "imagen": "/static/img/platillos/sopa_letras.jpg",
        "categoria": 4,
        "subcategoria": 6,
        "precio": "50.00",
        "ingredientes": ""
    }
},
{
    "model": "mainApp.platillo",
    "pk": 11,
    "fields": {
        "nombre": "Helado de chocolate",
        "descripcion": "",
        "imagen": "/static/img/platillos/helado_chocolate.jpg",
        "categoria": 6,
        "subcategoria": 7,
        "precio": "0.00",
        "ingredientes": ""
    }
},
{
    "model": "mainApp.platillo",
    "pk": 12,
    "fields": {
        "nombre": "Helado de fresa",
        "descripcion": "",
        "imagen": "/static/img/platillos/helado_fresa.jpg",
        "categoria": 6,
        "subcategoria": 7,
        "precio": "0.00",
        "ingredientes": ""
    }
},
{
    "model": "mainApp.platillo",
    "pk": 13,
    "fields": {
        "nombre": "Helado de vainilla",
        "descripcion": "",
        "imagen": "/static/img/platillos/helado_vainilla.jpg",
        "categoria": 6,
        "subcategoria": 7,
        "precio": "0.00",
        "ingredientes": ""
    }
},
{
    "model": "mainApp.platillo",
    "pk": 14,
    "fields": {
        "nombre": "Helado de limon",
        "descripcion": "",
        "imagen": "/static/img/platillos/helado_limon.jpg",
        "categoria": 6,
        "subcategoria": 7,
        "precio": "0.00",
        "ingredientes": ""
    }
},
{
    "model": "mainApp.platillo",
    "pk": 15,
    "fields": {
        "nombre": "Helado de galleta",
        "descripcion": "",
        "imagen": "/static/img/platillos/helado_galletas.jpg",
        "categoria": 6,
        "subcategoria": 7,
        "precio": "0.00",
        "ingredientes": ""
    }
},
{
    "model": "mainApp.pedido",
    "pk": 1,
    "fields": {
        "platillo": 2,
        "cantidad": 1,
        "carrito": null
    }
},
{
    "model": "mainApp.pedido",
    "pk": 2,
    "fields": {
        "platillo": 1,
        "cantidad": 1,
        "carrito": null
    }
},
{
    "model": "mainApp.pedido",
    "pk": 3,
    "fields": {
        "platillo": 1,
        "cantidad": 1,
        "carrito": null
    }
},
{
    "model": "mainApp.pedido",
    "pk": 4,
    "fields": {
        "platillo": 2,
        "cantidad": 1,
        "carrito": null
    }
},
{
    "model": "mainApp.pedido",
    "pk": 5,
    "fields": {
        "platillo": 2,
        "cantidad": 1,
        "carrito": null
    }
},
{
    "model": "mainApp.pedido",
    "pk": 6,
    "fields": {
        "platillo": 1,
        "cantidad": 1,
        "carrito": null
    }
},
{
    "model": "mainApp.pedido",
    "pk": 7,
    "fields": {
        "platillo": 1,
        "cantidad": 2,
        "carrito": null
    }
},
{
    "model": "mainApp.pedido",
    "pk": 8,
    "fields": {
        "platillo": 1,
        "cantidad": 2,
        "carrito": null
    }
},
{
    "model": "mainApp.pedido",
    "pk": 9,
    "fields": {
        "platillo": 2,
        "cantidad": 1,
        "carrito": null
    }
},
{
    "model": "mainApp.pedido",
    "pk": 10,
    "fields": {
        "platillo": 9,
        "cantidad": 4,
        "carrito": null
    }
},
{
    "model": "mainApp.pedido",
    "pk": 11,
    "fields": {
        "platillo": 9,
        "cantidad": 2,
        "carrito": null
    }
},
{
    "model": "mainApp.pedido",
    "pk": 12,
    "fields": {
        "platillo": 10,
        "cantidad": 4,
        "carrito": null
    }
},
{
    "model": "mainApp.pedido",
    "pk": 13,
    "fields": {
        "platillo": 2,
        "cantidad": 2,
        "carrito": null
    }
},
{
    "model": "mainApp.pedido",
    "pk": 14,
    "fields": {
        "platillo": 1,
        "cantidad": 3,
        "carrito": null
    }
},
{
    "model": "mainApp.pedido",
    "pk": 15,
    "fields": {
        "platillo": 1,
        "cantidad": 3,
        "carrito": null
    }
},
{
    "model": "mainApp.pedido",
    "pk": 16,
    "fields": {
        "platillo": 1,
        "cantidad": 3,
        "carrito": null
    }
},
{
    "model": "mainApp.pedido",
    "pk": 17,
    "fields": {
        "platillo": 1,
        "cantidad": 3,
        "carrito": null
    }
},
{
    "model": "mainApp.pedido",
    "pk": 18,
    "fields": {
        "platillo": 14,
        "cantidad": 1,
        "carrito": null
    }
},
{
    "model": "mainApp.pedido",
    "pk": 19,
    "fields": {
        "platillo": 14,
        "cantidad": 2,
        "carrito": null
    }
},
{
    "model": "mainApp.pedido",
    "pk": 20,
    "fields": {
        "platillo": 14,
        "cantidad": 2,
        "carrito": null
    }
},
{
    "model": "mainApp.pedido",
    "pk": 21,
    "fields": {
        "platillo": 10,
        "cantidad": 10,
        "carrito": null
    }
},
{
    "model": "mainApp.pedido",
    "pk": 22,
    "fields": {
        "platillo": 1,
        "cantidad": 1,
        "carrito": null
    }
},
{
    "model": "mainApp.pedido",
    "pk": 23,
    "fields": {
        "platillo": 2,
        "cantidad": 5,
        "carrito": null
    }
},
{
    "model": "mainApp.pedido",
    "pk": 24,
    "fields": {
        "platillo": 1,
        "cantidad": 1,
        "carrito": null
    }
},
{
    "model": "mainApp.pedido",
    "pk": 25,
    "fields": {
        "platillo": 2,
        "cantidad": 3,
        "carrito": null
    }
},
{
    "model": "mainApp.pedido",
    "pk": 26,
    "fields": {
        "platillo": 4,
        "cantidad": 5,
        "carrito": null
    }
},
{
    "model": "mainApp.pedido",
    "pk": 27,
    "fields": {
        "platillo": 8,
        "cantidad": 4,
        "carrito": null
    }
},
{
    "model": "mainApp.pedido",
    "pk": 28,
    "fields": {
        "platillo": 1,
        "cantidad": 1,
        "carrito": null
    }
},
{
    "model": "mainApp.pedido",
    "pk": 29,
    "fields": {
        "platillo": 10,
        "cantidad": 4,
        "carrito": null
    }
},
{
    "model": "mainApp.pedido",
    "pk": 30,
    "fields": {
        "platillo": 4,
        "cantidad": 5,
        "carrito": null
    }
},
{
    "model": "mainApp.pedido",
    "pk": 31,
    "fields": {
        "platillo": 1,
        "cantidad": 3,
        "carrito": null
    }
},
{
    "model": "mainApp.pedido",
    "pk": 32,
    "fields": {
        "platillo": 1,
        "cantidad": 1,
        "carrito": null
    }
},
{
    "model": "mainApp.pedido",
    "pk": 33,
    "fields": {
        "platillo": 1,
        "cantidad": 1,
        "carrito": null
    }
},
{
    "model": "mainApp.pedido",
    "pk": 34,
    "fields": {
        "platillo": 2,
        "cantidad": 1,
        "carrito": null
    }
},
{
    "model": "mainApp.pedido",
    "pk": 35,
    "fields": {
        "platillo": 1,
        "cantidad": 5,
        "carrito": null
    }
},
{
    "model": "mainApp.pedido",
    "pk": 36,
    "fields": {
        "platillo": 2,
        "cantidad": 3,
        "carrito": null
    }
},
{
    "model": "mainApp.pedido",
    "pk": 37,
    "fields": {
        "platillo": 1,
        "cantidad": 1,
        "carrito": null
    }
},
{
    "model": "mainApp.pedido",
    "pk": 38,
    "fields": {
        "platillo": 3,
        "cantidad": 1,
        "carrito": null
    }
},
{
    "model": "mainApp.pedido",
    "pk": 39,
    "fields": {
        "platillo": 3,
        "cantidad": 3,
        "carrito": null
    }
},
{
    "model": "mainApp.pedido",
    "pk": 40,
    "fields": {
        "platillo": 1,
        "cantidad": 1,
        "carrito": null
    }
},
{
    "model": "mainApp.pedido",
    "pk": 41,
    "fields": {
        "platillo": 1,
        "cantidad": 2,
        "carrito": null
    }
},
{
    "model": "mainApp.pedido",
    "pk": 42,
    "fields": {
        "platillo": 2,
        "cantidad": 2,
        "carrito": null
    }
},
{
    "model": "mainApp.pedido",
    "pk": 43,
    "fields": {
        "platillo": 3,
        "cantidad": 4,
        "carrito": null
    }
},
{
    "model": "mainApp.pedido",
    "pk": 44,
    "fields": {
        "platillo": 8,
        "cantidad": 1,
        "carrito": null
    }
},
{
    "model": "mainApp.pedido",
    "pk": 45,
    "fields": {
        "platillo": 7,
        "cantidad": 1,
        "carrito": null
    }
},
{
    "model": "mainApp.pedido",
    "pk": 46,
    "fields": {
        "platillo": 3,
        "cantidad": 3,
        "carrito": null
    }
},
{
    "model": "mainApp.pedido",
    "pk": 47,
    "fields": {
        "platillo": 2,
        "cantidad": 4,
        "carrito": null
    }
},
{
    "model": "mainApp.pedido",
    "pk": 48,
    "fields": {
        "platillo": 4,
        "cantidad": 3,
        "carrito": null
    }
},
{
    "model": "mainApp.pedido",
    "pk": 49,
    "fields": {
        "platillo": 1,
        "cantidad": 1,
        "carrito": null
    }
},
{
    "model": "mainApp.pedido",
    "pk": 50,
    "fields": {
        "platillo": 1,
        "cantidad": 3,
        "carrito": null
    }
},
{
    "model": "mainApp.pedido",
    "pk": 51,
    "fields": {
        "platillo": 2,
        "cantidad": 3,
        "carrito": null
    }
},
{
    "model": "mainApp.pedido",
    "pk": 52,
    "fields": {
        "platillo": 2,
        "cantidad": 5,
        "carrito": null
    }
},
{
    "model": "mainApp.pedido",
    "pk": 53,
    "fields": {
        "platillo": 4,
        "cantidad": 3,
        "carrito": null
    }
},
{
    "model": "mainApp.pedido",
    "pk": 54,
    "fields": {
        "platillo": 1,
        "cantidad": 2,
        "carrito": null
    }
},
{
    "model": "mainApp.pedido",
    "pk": 55,
    "fields": {
        "platillo": 1,
        "cantidad": 3,
        "carrito": null
    }
},
{
    "model": "mainApp.pedido",
    "pk": 56,
    "fields": {
        "platillo": 2,
        "cantidad": 1,
        "carrito": null
    }
},
{
    "model": "mainApp.pedido",
    "pk": 57,
    "fields": {
        "platillo": 1,
        "cantidad": 2,
        "carrito": null
    }
},
{
    "model": "mainApp.pedido",
    "pk": 58,
    "fields": {
        "platillo": 2,
        "cantidad": 1,
        "carrito": null
    }
},
{
    "model": "mainApp.pedido",
    "pk": 59,
    "fields": {
        "platillo": 2,
        "cantidad": 1,
        "carrito": null
    }
},
{
    "model": "mainApp.pedido",
    "pk": 60,
    "fields": {
        "platillo": 4,
        "cantidad": 3,
        "carrito": null
    }
},
{
    "model": "mainApp.pedido",
    "pk": 61,
    "fields": {
        "platillo": 8,
        "cantidad": 2,
        "carrito": null
    }
},
{
    "model": "mainApp.pedido",
    "pk": 62,
    "fields": {
        "platillo": 1,
        "cantidad": 1,
        "carrito": null
    }
},
{
    "model": "mainApp.pedido",
    "pk": 63,
    "fields": {
        "platillo": 1,
        "cantidad": 1,
        "carrito": null
    }
},
{
    "model": "mainApp.pedido",
    "pk": 64,
    "fields": {
        "platillo": 3,
        "cantidad": 3,
        "carrito": null
    }
},
{
    "model": "mainApp.pedido",
    "pk": 65,
    "fields": {
        "platillo": 1,
        "cantidad": 1,
        "carrito": null
    }
},
{
    "model": "mainApp.pedido",
    "pk": 66,
    "fields": {
        "platillo": 1,
        "cantidad": 3,
        "carrito": null
    }
},
{
    "model": "mainApp.pedido",
    "pk": 67,
    "fields": {
        "platillo": 1,
        "cantidad": 1,
        "carrito": null
    }
},
{
    "model": "mainApp.pedido",
    "pk": 68,
    "fields": {
        "platillo": 4,
        "cantidad": 2,
        "carrito": null
    }
},
{
    "model": "mainApp.pedido",
    "pk": 69,
    "fields": {
        "platillo": 2,
        "cantidad": 2,
        "carrito": null
    }
},
{
    "model": "mainApp.pedido",
    "pk": 70,
    "fields": {
        "platillo": 8,
        "cantidad": 1,
        "carrito": null
    }
},
{
    "model": "mainApp.pedido",
    "pk": 71,
    "fields": {
        "platillo": 1,
        "cantidad": 2,
        "carrito": null
    }
},
{
    "model": "mainApp.pedido",
    "pk": 72,
    "fields": {
        "platillo": 4,
        "cantidad": 2,
        "carrito": null
    }
}
]
