[
{
    "model": "admin.logentry",
    "pk": 1,
    "fields": {
        "action_time": "2023-05-08T23:43:28.779Z",
        "user": 1,
        "content_type": 6,
        "object_id": "1",
        "object_repr": "Id: 1, Nombre: Platos fuertes",
        "action_flag": 1,
        "change_message": "[{\"added\": {}}]"
    }
},
{
    "model": "admin.logentry",
    "pk": 2,
    "fields": {
        "action_time": "2023-05-08T23:43:38.278Z",
        "user": 1,
        "content_type": 6,
        "object_id": "2",
        "object_repr": "Id: 2, Nombre: Bebidas",
        "action_flag": 1,
        "change_message": "[{\"added\": {}}]"
    }
},
{
    "model": "admin.logentry",
    "pk": 3,
    "fields": {
        "action_time": "2023-05-08T23:43:51.439Z",
        "user": 1,
        "content_type": 6,
        "object_id": "3",
        "object_repr": "Id: 3, Nombre: Postres",
        "action_flag": 1,
        "change_message": "[{\"added\": {}}]"
    }
},
{
    "model": "admin.logentry",
    "pk": 4,
    "fields": {
        "action_time": "2023-05-08T23:43:57.115Z",
        "user": 1,
        "content_type": 6,
        "object_id": "4",
        "object_repr": "Id: 4, Nombre: Entradas",
        "action_flag": 1,
        "change_message": "[{\"added\": {}}]"
    }
},
{
    "model": "admin.logentry",
    "pk": 5,
    "fields": {
        "action_time": "2023-05-08T23:44:05.549Z",
        "user": 1,
        "content_type": 6,
        "object_id": "5",
        "object_repr": "Id: 5, Nombre: Especiales",
        "action_flag": 1,
        "change_message": "[{\"added\": {}}]"
    }
},
{
    "model": "admin.logentry",
    "pk": 6,
    "fields": {
        "action_time": "2023-05-08T23:44:29Z",
        "user": 1,
        "content_type": 12,
        "object_id": "1",
        "object_repr": "Id: 1, Nombre: Antojitos, Categoria: Id: 1, Nombre: Platos fuertes",
        "action_flag": 1,
        "change_message": "[{\"added\": {}}]"
    }
},
{
    "model": "admin.logentry",
    "pk": 7,
    "fields": {
        "action_time": "2023-05-08T23:45:27.667Z",
        "user": 1,
        "content_type": 7,
        "object_id": "1",
        "object_repr": "Id: 1, Nombre: Flautas de pollo, Categoria: Id: 1, Nombre: Platos fuertes",
        "action_flag": 1,
        "change_message": "[{\"added\": {}}]"
    }
},
{
    "model": "admin.logentry",
    "pk": 8,
    "fields": {
        "action_time": "2023-05-08T23:47:13.391Z",
        "user": 1,
        "content_type": 7,
        "object_id": "2",
        "object_repr": "Id: 2, Nombre: Gordita de maciza, Categoria: Id: 1, Nombre: Platos fuertes",
        "action_flag": 1,
        "change_message": "[{\"added\": {}}]"
    }
},
{
    "model": "admin.logentry",
    "pk": 9,
    "fields": {
        "action_time": "2023-05-08T23:48:10.970Z",
        "user": 1,
        "content_type": 12,
        "object_id": "2",
        "object_repr": "Id: 2, Nombre: Bebidas embotelladas, Categoria: Id: 2, Nombre: Bebidas",
        "action_flag": 1,
        "change_message": "[{\"added\": {}}]"
    }
},
{
    "model": "admin.logentry",
    "pk": 10,
    "fields": {
        "action_time": "2023-05-08T23:48:17.247Z",
        "user": 1,
        "content_type": 7,
        "object_id": "3",
        "object_repr": "Id: 3, Nombre: Botella de agua 600ml, Categoria: Id: 2, Nombre: Bebidas",
        "action_flag": 1,
        "change_message": "[{\"added\": {}}]"
    }
},
{
    "model": "admin.logentry",
    "pk": 11,
    "fields": {
        "action_time": "2023-05-09T01:08:24.957Z",
        "user": 1,
        "content_type": 3,
        "object_id": "1",
        "object_repr": "comensales",
        "action_flag": 1,
        "change_message": "[{\"added\": {}}]"
    }
},
{
    "model": "admin.logentry",
    "pk": 12,
    "fields": {
        "action_time": "2023-05-09T01:08:33.249Z",
        "user": 1,
        "content_type": 3,
        "object_id": "2",
        "object_repr": "administradores",
        "action_flag": 1,
        "change_message": "[{\"added\": {}}]"
    }
},
{
    "model": "admin.logentry",
    "pk": 13,
    "fields": {
        "action_time": "2023-05-09T01:09:42.972Z",
        "user": 1,
        "content_type": 3,
        "object_id": "1",
        "object_repr": "comensales",
        "action_flag": 2,
        "change_message": "[{\"changed\": {\"fields\": [\"Permissions\"]}}]"
    }
},
{
    "model": "admin.logentry",
    "pk": 14,
    "fields": {
        "action_time": "2023-05-09T01:09:50.978Z",
        "user": 1,
        "content_type": 3,
        "object_id": "2",
        "object_repr": "administradores",
        "action_flag": 2,
        "change_message": "[{\"changed\": {\"fields\": [\"Permissions\"]}}]"
    }
},
{
    "model": "admin.logentry",
    "pk": 15,
    "fields": {
        "action_time": "2023-05-09T01:12:10.594Z",
        "user": 1,
        "content_type": 8,
        "object_id": "3",
        "object_repr": "mesa1 |  |  | mesa1@50amigos.com",
        "action_flag": 1,
        "change_message": "[{\"added\": {}}]"
    }
},
{
    "model": "admin.logentry",
    "pk": 16,
    "fields": {
        "action_time": "2023-05-09T01:12:21.528Z",
        "user": 1,
        "content_type": 8,
        "object_id": "3",
        "object_repr": "mesa1 |  |  | mesa1@50amigos.com",
        "action_flag": 2,
        "change_message": "[{\"changed\": {\"fields\": [\"Groups\"]}}]"
    }
},
{
    "model": "admin.logentry",
    "pk": 17,
    "fields": {
        "action_time": "2023-05-09T01:12:50.525Z",
        "user": 1,
        "content_type": 8,
        "object_id": "4",
        "object_repr": "mesa2 |  |  | mesa2@50amigos.com",
        "action_flag": 1,
        "change_message": "[{\"added\": {}}]"
    }
},
{
    "model": "admin.logentry",
    "pk": 18,
    "fields": {
        "action_time": "2023-05-09T01:12:56.031Z",
        "user": 1,
        "content_type": 8,
        "object_id": "4",
        "object_repr": "mesa2 |  |  | mesa2@50amigos.com",
        "action_flag": 2,
        "change_message": "[{\"changed\": {\"fields\": [\"Groups\"]}}]"
    }
},
{
    "model": "admin.logentry",
    "pk": 19,
    "fields": {
        "action_time": "2023-05-09T01:13:33.402Z",
        "user": 1,
        "content_type": 8,
        "object_id": "5",
        "object_repr": "mesa3 |  |  | mesa3@50amigos.com",
        "action_flag": 1,
        "change_message": "[{\"added\": {}}]"
    }
},
{
    "model": "admin.logentry",
    "pk": 20,
    "fields": {
        "action_time": "2023-05-09T01:13:41.703Z",
        "user": 1,
        "content_type": 8,
        "object_id": "5",
        "object_repr": "mesa3 |  |  | mesa3@50amigos.com",
        "action_flag": 2,
        "change_message": "[{\"changed\": {\"fields\": [\"Groups\"]}}]"
    }
},
{
    "model": "admin.logentry",
    "pk": 21,
    "fields": {
        "action_time": "2023-05-09T01:13:57.972Z",
        "user": 1,
        "content_type": 8,
        "object_id": "6",
        "object_repr": "mesa4 |  |  | mesa4@50amigos.com",
        "action_flag": 1,
        "change_message": "[{\"added\": {}}]"
    }
},
{
    "model": "admin.logentry",
    "pk": 22,
    "fields": {
        "action_time": "2023-05-09T01:14:05.367Z",
        "user": 1,
        "content_type": 8,
        "object_id": "6",
        "object_repr": "mesa4 |  |  | mesa4@50amigos.com",
        "action_flag": 2,
        "change_message": "[{\"changed\": {\"fields\": [\"Groups\"]}}]"
    }
},
{
    "model": "admin.logentry",
    "pk": 23,
    "fields": {
        "action_time": "2023-05-09T01:14:30.958Z",
        "user": 1,
        "content_type": 8,
        "object_id": "7",
        "object_repr": "mesa5 |  |  | mesa5@50amigos.com",
        "action_flag": 1,
        "change_message": "[{\"added\": {}}]"
    }
},
{
    "model": "admin.logentry",
    "pk": 24,
    "fields": {
        "action_time": "2023-05-09T01:14:51.193Z",
        "user": 1,
        "content_type": 8,
        "object_id": "8",
        "object_repr": "mesa6 |  |  | mesa6@50amigos.com",
        "action_flag": 1,
        "change_message": "[{\"added\": {}}]"
    }
},
{
    "model": "admin.logentry",
    "pk": 25,
    "fields": {
        "action_time": "2023-05-09T01:14:57.977Z",
        "user": 1,
        "content_type": 8,
        "object_id": "8",
        "object_repr": "mesa6 |  |  | mesa6@50amigos.com",
        "action_flag": 2,
        "change_message": "[{\"changed\": {\"fields\": [\"Groups\"]}}]"
    }
},
{
    "model": "admin.logentry",
    "pk": 26,
    "fields": {
        "action_time": "2023-05-09T01:15:08.251Z",
        "user": 1,
        "content_type": 8,
        "object_id": "7",
        "object_repr": "mesa5 |  |  | mesa5@50amigos.com",
        "action_flag": 2,
        "change_message": "[{\"changed\": {\"fields\": [\"Groups\"]}}]"
    }
},
{
    "model": "admin.logentry",
    "pk": 27,
    "fields": {
        "action_time": "2023-05-09T01:15:20.508Z",
        "user": 1,
        "content_type": 8,
        "object_id": "1",
        "object_repr": "admin |  |  | admin@afmin.com",
        "action_flag": 2,
        "change_message": "[{\"changed\": {\"fields\": [\"Groups\"]}}]"
    }
},
{
    "model": "admin.logentry",
    "pk": 28,
    "fields": {
        "action_time": "2023-05-11T21:05:23.746Z",
        "user": 1,
        "content_type": 6,
        "object_id": "6",
        "object_repr": "Id: 6, Nombre: Helados",
        "action_flag": 1,
        "change_message": "[{\"added\": {}}]"
    }
},
{
    "model": "admin.logentry",
    "pk": 29,
    "fields": {
        "action_time": "2023-05-11T21:05:43.537Z",
        "user": 1,
        "content_type": 12,
        "object_id": "3",
        "object_repr": "Id: 3, Nombre: ClÔö£├¡sicos, Categoria: Id: 6, Nombre: Helados",
        "action_flag": 1,
        "change_message": "[{\"added\": {}}]"
    }
},
{
    "model": "admin.logentry",
    "pk": 30,
    "fields": {
        "action_time": "2023-05-11T21:06:31.568Z",
        "user": 1,
        "content_type": 7,
        "object_id": "4",
        "object_repr": "Id: 4, Nombre: Coca-cola 600 ml, Categoria: Id: 2, Nombre: Bebidas",
        "action_flag": 1,
        "change_message": "[{\"added\": {}}]"
    }
},
{
    "model": "admin.logentry",
    "pk": 31,
    "fields": {
        "action_time": "2023-05-11T21:07:05.519Z",
        "user": 1,
        "content_type": 7,
        "object_id": "5",
        "object_repr": "Id: 5, Nombre: Sidral 600 ml, Categoria: Id: 2, Nombre: Bebidas",
        "action_flag": 1,
        "change_message": "[{\"added\": {}}]"
    }
},
{
    "model": "admin.logentry",
    "pk": 32,
    "fields": {
        "action_time": "2023-05-11T21:08:25.930Z",
        "user": 1,
        "content_type": 12,
        "object_id": "4",
        "object_repr": "Id: 4, Nombre: Retornables, Categoria: Id: 2, Nombre: Bebidas",
        "action_flag": 1,
        "change_message": "[{\"added\": {}}]"
    }
},
{
    "model": "admin.logentry",
    "pk": 33,
    "fields": {
        "action_time": "2023-05-11T21:08:29.392Z",
        "user": 1,
        "content_type": 7,
        "object_id": "6",
        "object_repr": "Id: 6, Nombre: Boing mango, Categoria: Id: 2, Nombre: Bebidas",
        "action_flag": 1,
        "change_message": "[{\"added\": {}}]"
    }
},
{
    "model": "admin.logentry",
    "pk": 34,
    "fields": {
        "action_time": "2023-05-11T21:09:24.573Z",
        "user": 1,
        "content_type": 12,
        "object_id": "5",
        "object_repr": "Id: 5, Nombre: ClÔö£├¡sicos, Categoria: Id: 3, Nombre: Postres",
        "action_flag": 1,
        "change_message": "[{\"added\": {}}]"
    }
},
{
    "model": "admin.logentry",
    "pk": 35,
    "fields": {
        "action_time": "2023-05-11T21:09:30.099Z",
        "user": 1,
        "content_type": 7,
        "object_id": "7",
        "object_repr": "Id: 7, Nombre: Flan napolitano, Categoria: Id: 3, Nombre: Postres",
        "action_flag": 1,
        "change_message": "[{\"added\": {}}]"
    }
},
{
    "model": "admin.logentry",
    "pk": 36,
    "fields": {
        "action_time": "2023-05-11T21:10:07.149Z",
        "user": 1,
        "content_type": 7,
        "object_id": "8",
        "object_repr": "Id: 8, Nombre: Pastel de chocolate, Categoria: Id: 3, Nombre: Postres",
        "action_flag": 1,
        "change_message": "[{\"added\": {}}]"
    }
},
{
    "model": "admin.logentry",
    "pk": 37,
    "fields": {
        "action_time": "2023-05-11T21:11:17.034Z",
        "user": 1,
        "content_type": 12,
        "object_id": "6",
        "object_repr": "Id: 6, Nombre: ClÔö£├¡sicos, Categoria: Id: 4, Nombre: Entradas",
        "action_flag": 1,
        "change_message": "[{\"added\": {}}]"
    }
},
{
    "model": "admin.logentry",
    "pk": 38,
    "fields": {
        "action_time": "2023-05-11T21:11:20.191Z",
        "user": 1,
        "content_type": 7,
        "object_id": "9",
        "object_repr": "Id: 9, Nombre: Arroz blanco con verduras, Categoria: Id: 4, Nombre: Entradas",
        "action_flag": 1,
        "change_message": "[{\"added\": {}}]"
    }
},
{
    "model": "admin.logentry",
    "pk": 39,
    "fields": {
        "action_time": "2023-05-11T21:12:06.017Z",
        "user": 1,
        "content_type": 7,
        "object_id": "10",
        "object_repr": "Id: 10, Nombre: Sopa de letras, Categoria: Id: 4, Nombre: Entradas",
        "action_flag": 1,
        "change_message": "[{\"added\": {}}]"
    }
},
{
    "model": "admin.logentry",
    "pk": 40,
    "fields": {
        "action_time": "2023-05-11T21:12:44.228Z",
        "user": 1,
        "content_type": 12,
        "object_id": "7",
        "object_repr": "Id: 7, Nombre: ClÔö£├¡sicos, Categoria: Id: 6, Nombre: Helados",
        "action_flag": 1,
        "change_message": "[{\"added\": {}}]"
    }
},
{
    "model": "admin.logentry",
    "pk": 41,
    "fields": {
        "action_time": "2023-05-11T21:12:49.488Z",
        "user": 1,
        "content_type": 7,
        "object_id": "11",
        "object_repr": "Id: 11, Nombre: Helado de chocolate, Categoria: Id: 6, Nombre: Helados",
        "action_flag": 1,
        "change_message": "[{\"added\": {}}]"
    }
},
{
    "model": "admin.logentry",
    "pk": 42,
    "fields": {
        "action_time": "2023-05-11T21:13:21.667Z",
        "user": 1,
        "content_type": 7,
        "object_id": "12",
        "object_repr": "Id: 12, Nombre: Helado de fresa, Categoria: Id: 6, Nombre: Helados",
        "action_flag": 1,
        "change_message": "[{\"added\": {}}]"
    }
},
{
    "model": "admin.logentry",
    "pk": 43,
    "fields": {
        "action_time": "2023-05-11T21:13:49.838Z",
        "user": 1,
        "content_type": 7,
        "object_id": "13",
        "object_repr": "Id: 13, Nombre: Helado vainilla, Categoria: Id: 6, Nombre: Helados",
        "action_flag": 1,
        "change_message": "[{\"added\": {}}]"
    }
},
{
    "model": "admin.logentry",
    "pk": 44,
    "fields": {
        "action_time": "2023-05-11T21:14:25.465Z",
        "user": 1,
        "content_type": 7,
        "object_id": "14",
        "object_repr": "Id: 14, Nombre: Helado de limÔö£Ôöén, Categoria: Id: 6, Nombre: Helados",
        "action_flag": 1,
        "change_message": "[{\"added\": {}}]"
    }
},
{
    "model": "admin.logentry",
    "pk": 45,
    "fields": {
        "action_time": "2023-05-11T21:24:19.835Z",
        "user": 1,
        "content_type": 12,
        "object_id": "3",
        "object_repr": "Id: 3, Nombre: ClÔö£├¡sicos, Categoria: Id: 6, Nombre: Helados",
        "action_flag": 3,
        "change_message": ""
    }
},
{
    "model": "admin.logentry",
    "pk": 46,
    "fields": {
        "action_time": "2023-05-11T21:24:41.788Z",
        "user": 1,
        "content_type": 12,
        "object_id": "8",
        "object_repr": "Id: 8, Nombre: De temporada, Categoria: Id: 5, Nombre: Especiales",
        "action_flag": 1,
        "change_message": "[{\"added\": {}}]"
    }
},
{
    "model": "admin.logentry",
    "pk": 47,
    "fields": {
        "action_time": "2023-05-13T19:00:16.665Z",
        "user": 1,
        "content_type": 12,
        "object_id": "7",
        "object_repr": "Id: 7, Nombre: Cl├ísicos, Categoria: Id: 6, Nombre: Helados",
        "action_flag": 2,
        "change_message": "[{\"changed\": {\"fields\": [\"Nombre\"]}}]"
    }
},
{
    "model": "admin.logentry",
    "pk": 48,
    "fields": {
        "action_time": "2023-05-13T19:00:30.343Z",
        "user": 1,
        "content_type": 12,
        "object_id": "6",
        "object_repr": "Id: 6, Nombre: Cl├ísicos, Categoria: Id: 4, Nombre: Entradas",
        "action_flag": 2,
        "change_message": "[{\"changed\": {\"fields\": [\"Nombre\"]}}]"
    }
},
{
    "model": "admin.logentry",
    "pk": 49,
    "fields": {
        "action_time": "2023-05-13T19:00:40.292Z",
        "user": 1,
        "content_type": 12,
        "object_id": "5",
        "object_repr": "Id: 5, Nombre: Cl├ísicos, Categoria: Id: 3, Nombre: Postres",
        "action_flag": 2,
        "change_message": "[{\"changed\": {\"fields\": [\"Nombre\"]}}]"
    }
},
{
    "model": "admin.logentry",
    "pk": 50,
    "fields": {
        "action_time": "2023-05-13T19:05:54.235Z",
        "user": 1,
        "content_type": 7,
        "object_id": "14",
        "object_repr": "Id: 14, Nombre: Helado de lim├│n, Categoria: Id: 6, Nombre: Helados",
        "action_flag": 2,
        "change_message": "[{\"changed\": {\"fields\": [\"Nombre\"]}}]"
    }
},
{
    "model": "admin.logentry",
    "pk": 51,
    "fields": {
        "action_time": "2023-05-13T19:06:32.517Z",
        "user": 1,
        "content_type": 7,
        "object_id": "1",
        "object_repr": "Id: 1, Nombre: Flautas de pollo, Categoria: Id: 1, Nombre: Platos fuertes",
        "action_flag": 2,
        "change_message": "[{\"changed\": {\"fields\": [\"Ingredientes\"]}}]"
    }
},
{
    "model": "admin.logentry",
    "pk": 52,
    "fields": {
        "action_time": "2023-05-13T19:17:32.983Z",
        "user": 1,
        "content_type": 7,
        "object_id": "5",
        "object_repr": "Id: 5, Nombre: Sidral, Categoria: Id: 2, Nombre: Bebidas",
        "action_flag": 2,
        "change_message": "[{\"changed\": {\"fields\": [\"Nombre\", \"Ingredientes\"]}}]"
    }
},
{
    "model": "admin.logentry",
    "pk": 53,
    "fields": {
        "action_time": "2023-05-13T19:17:46.940Z",
        "user": 1,
        "content_type": 7,
        "object_id": "4",
        "object_repr": "Id: 4, Nombre: Coca-cola, Categoria: Id: 2, Nombre: Bebidas",
        "action_flag": 2,
        "change_message": "[{\"changed\": {\"fields\": [\"Nombre\", \"Ingredientes\"]}}]"
    }
},
{
    "model": "admin.logentry",
    "pk": 54,
    "fields": {
        "action_time": "2023-05-13T19:17:57.947Z",
        "user": 1,
        "content_type": 7,
        "object_id": "3",
        "object_repr": "Id: 3, Nombre: Botella de agua, Categoria: Id: 2, Nombre: Bebidas",
        "action_flag": 2,
        "change_message": "[{\"changed\": {\"fields\": [\"Nombre\", \"Ingredientes\"]}}]"
    }
},
{
    "model": "admin.logentry",
    "pk": 55,
    "fields": {
        "action_time": "2023-05-13T19:48:07.614Z",
        "user": 1,
        "content_type": 7,
        "object_id": "14",
        "object_repr": "Id: 14, Nombre: Helado de lim├│n, Categoria: Id: 6, Nombre: Helados",
        "action_flag": 2,
        "change_message": "[]"
    }
},
{
    "model": "admin.logentry",
    "pk": 56,
    "fields": {
        "action_time": "2023-05-13T22:39:36.735Z",
        "user": 1,
        "content_type": 7,
        "object_id": "13",
        "object_repr": "Id: 13, Nombre: Helado de vainilla, Categoria: Id: 6, Nombre: Helados",
        "action_flag": 2,
        "change_message": "[{\"changed\": {\"fields\": [\"Nombre\"]}}]"
    }
},
{
    "model": "auth.permission",
    "pk": 1,
    "fields": {
        "name": "Can add log entry",
        "content_type": 1,
        "codename": "add_logentry"
    }
},
{
    "model": "auth.permission",
    "pk": 2,
    "fields": {
        "name": "Can change log entry",
        "content_type": 1,
        "codename": "change_logentry"
    }
},
{
    "model": "auth.permission",
    "pk": 3,
    "fields": {
        "name": "Can delete log entry",
        "content_type": 1,
        "codename": "delete_logentry"
    }
},
{
    "model": "auth.permission",
    "pk": 4,
    "fields": {
        "name": "Can view log entry",
        "content_type": 1,
        "codename": "view_logentry"
    }
},
{
    "model": "auth.permission",
    "pk": 5,
    "fields": {
        "name": "Can add permission",
        "content_type": 2,
        "codename": "add_permission"
    }
},
{
    "model": "auth.permission",
    "pk": 6,
    "fields": {
        "name": "Can change permission",
        "content_type": 2,
        "codename": "change_permission"
    }
},
{
    "model": "auth.permission",
    "pk": 7,
    "fields": {
        "name": "Can delete permission",
        "content_type": 2,
        "codename": "delete_permission"
    }
},
{
    "model": "auth.permission",
    "pk": 8,
    "fields": {
        "name": "Can view permission",
        "content_type": 2,
        "codename": "view_permission"
    }
},
{
    "model": "auth.permission",
    "pk": 9,
    "fields": {
        "name": "Can add group",
        "content_type": 3,
        "codename": "add_group"
    }
},
{
    "model": "auth.permission",
    "pk": 10,
    "fields": {
        "name": "Can change group",
        "content_type": 3,
        "codename": "change_group"
    }
},
{
    "model": "auth.permission",
    "pk": 11,
    "fields": {
        "name": "Can delete group",
        "content_type": 3,
        "codename": "delete_group"
    }
},
{
    "model": "auth.permission",
    "pk": 12,
    "fields": {
        "name": "Can view group",
        "content_type": 3,
        "codename": "view_group"
    }
},
{
    "model": "auth.permission",
    "pk": 13,
    "fields": {
        "name": "Can add content type",
        "content_type": 4,
        "codename": "add_contenttype"
    }
},
{
    "model": "auth.permission",
    "pk": 14,
    "fields": {
        "name": "Can change content type",
        "content_type": 4,
        "codename": "change_contenttype"
    }
},
{
    "model": "auth.permission",
    "pk": 15,
    "fields": {
        "name": "Can delete content type",
        "content_type": 4,
        "codename": "delete_contenttype"
    }
},
{
    "model": "auth.permission",
    "pk": 16,
    "fields": {
        "name": "Can view content type",
        "content_type": 4,
        "codename": "view_contenttype"
    }
},
{
    "model": "auth.permission",
    "pk": 17,
    "fields": {
        "name": "Can add session",
        "content_type": 5,
        "codename": "add_session"
    }
},
{
    "model": "auth.permission",
    "pk": 18,
    "fields": {
        "name": "Can change session",
        "content_type": 5,
        "codename": "change_session"
    }
},
{
    "model": "auth.permission",
    "pk": 19,
    "fields": {
        "name": "Can delete session",
        "content_type": 5,
        "codename": "delete_session"
    }
},
{
    "model": "auth.permission",
    "pk": 20,
    "fields": {
        "name": "Can view session",
        "content_type": 5,
        "codename": "view_session"
    }
},
{
    "model": "auth.permission",
    "pk": 21,
    "fields": {
        "name": "Can add categoria",
        "content_type": 6,
        "codename": "add_categoria"
    }
},
{
    "model": "auth.permission",
    "pk": 22,
    "fields": {
        "name": "Can change categoria",
        "content_type": 6,
        "codename": "change_categoria"
    }
},
{
    "model": "auth.permission",
    "pk": 23,
    "fields": {
        "name": "Can delete categoria",
        "content_type": 6,
        "codename": "delete_categoria"
    }
},
{
    "model": "auth.permission",
    "pk": 24,
    "fields": {
        "name": "Can view categoria",
        "content_type": 6,
        "codename": "view_categoria"
    }
},
{
    "model": "auth.permission",
    "pk": 25,
    "fields": {
        "name": "Can add platillo",
        "content_type": 7,
        "codename": "add_platillo"
    }
},
{
    "model": "auth.permission",
    "pk": 26,
    "fields": {
        "name": "Can change platillo",
        "content_type": 7,
        "codename": "change_platillo"
    }
},
{
    "model": "auth.permission",
    "pk": 27,
    "fields": {
        "name": "Can delete platillo",
        "content_type": 7,
        "codename": "delete_platillo"
    }
},
{
    "model": "auth.permission",
    "pk": 28,
    "fields": {
        "name": "Can view platillo",
        "content_type": 7,
        "codename": "view_platillo"
    }
},
{
    "model": "auth.permission",
    "pk": 29,
    "fields": {
        "name": "Can add User",
        "content_type": 8,
        "codename": "add_user"
    }
},
{
    "model": "auth.permission",
    "pk": 30,
    "fields": {
        "name": "Can change User",
        "content_type": 8,
        "codename": "change_user"
    }
},
{
    "model": "auth.permission",
    "pk": 31,
    "fields": {
        "name": "Can delete User",
        "content_type": 8,
        "codename": "delete_user"
    }
},
{
    "model": "auth.permission",
    "pk": 32,
    "fields": {
        "name": "Can view User",
        "content_type": 8,
        "codename": "view_user"
    }
},
{
    "model": "auth.permission",
    "pk": 33,
    "fields": {
        "name": "Can add orden",
        "content_type": 9,
        "codename": "add_orden"
    }
},
{
    "model": "auth.permission",
    "pk": 34,
    "fields": {
        "name": "Can change orden",
        "content_type": 9,
        "codename": "change_orden"
    }
},
{
    "model": "auth.permission",
    "pk": 35,
    "fields": {
        "name": "Can delete orden",
        "content_type": 9,
        "codename": "delete_orden"
    }
},
{
    "model": "auth.permission",
    "pk": 36,
    "fields": {
        "name": "Can view orden",
        "content_type": 9,
        "codename": "view_orden"
    }
},
{
    "model": "auth.permission",
    "pk": 37,
    "fields": {
        "name": "Can add role",
        "content_type": 10,
        "codename": "add_role"
    }
},
{
    "model": "auth.permission",
    "pk": 38,
    "fields": {
        "name": "Can change role",
        "content_type": 10,
        "codename": "change_role"
    }
},
{
    "model": "auth.permission",
    "pk": 39,
    "fields": {
        "name": "Can delete role",
        "content_type": 10,
        "codename": "delete_role"
    }
},
{
    "model": "auth.permission",
    "pk": 40,
    "fields": {
        "name": "Can view role",
        "content_type": 10,
        "codename": "view_role"
    }
},
{
    "model": "auth.permission",
    "pk": 41,
    "fields": {
        "name": "Can add pedido",
        "content_type": 11,
        "codename": "add_pedido"
    }
},
{
    "model": "auth.permission",
    "pk": 42,
    "fields": {
        "name": "Can change pedido",
        "content_type": 11,
        "codename": "change_pedido"
    }
},
{
    "model": "auth.permission",
    "pk": 43,
    "fields": {
        "name": "Can delete pedido",
        "content_type": 11,
        "codename": "delete_pedido"
    }
},
{
    "model": "auth.permission",
    "pk": 44,
    "fields": {
        "name": "Can view pedido",
        "content_type": 11,
        "codename": "view_pedido"
    }
},
{
    "model": "auth.permission",
    "pk": 45,
    "fields": {
        "name": "Can add subcategoria",
        "content_type": 12,
        "codename": "add_subcategoria"
    }
},
{
    "model": "auth.permission",
    "pk": 46,
    "fields": {
        "name": "Can change subcategoria",
        "content_type": 12,
        "codename": "change_subcategoria"
    }
},
{
    "model": "auth.permission",
    "pk": 47,
    "fields": {
        "name": "Can delete subcategoria",
        "content_type": 12,
        "codename": "delete_subcategoria"
    }
},
{
    "model": "auth.permission",
    "pk": 48,
    "fields": {
        "name": "Can view subcategoria",
        "content_type": 12,
        "codename": "view_subcategoria"
    }
},
{
    "model": "auth.permission",
    "pk": 49,
    "fields": {
        "name": "Can add anuncio",
        "content_type": 13,
        "codename": "add_anuncio"
    }
},
{
    "model": "auth.permission",
    "pk": 50,
    "fields": {
        "name": "Can change anuncio",
        "content_type": 13,
        "codename": "change_anuncio"
    }
},
{
    "model": "auth.permission",
    "pk": 51,
    "fields": {
        "name": "Can delete anuncio",
        "content_type": 13,
        "codename": "delete_anuncio"
    }
},
{
    "model": "auth.permission",
    "pk": 52,
    "fields": {
        "name": "Can view anuncio",
        "content_type": 13,
        "codename": "view_anuncio"
    }
},
{
    "model": "auth.permission",
    "pk": 53,
    "fields": {
        "name": "Can add Promocion",
        "content_type": 14,
        "codename": "add_promocion"
    }
},
{
    "model": "auth.permission",
    "pk": 54,
    "fields": {
        "name": "Can change Promocion",
        "content_type": 14,
        "codename": "change_promocion"
    }
},
{
    "model": "auth.permission",
    "pk": 55,
    "fields": {
        "name": "Can delete Promocion",
        "content_type": 14,
        "codename": "delete_promocion"
    }
},
{
    "model": "auth.permission",
    "pk": 56,
    "fields": {
        "name": "Can view Promocion",
        "content_type": 14,
        "codename": "view_promocion"
    }
},
{
    "model": "auth.permission",
    "pk": 57,
    "fields": {
        "name": "Can add Cupon",
        "content_type": 15,
        "codename": "add_cupon"
    }
},
{
    "model": "auth.permission",
    "pk": 58,
    "fields": {
        "name": "Can change Cupon",
        "content_type": 15,
        "codename": "change_cupon"
    }
},
{
    "model": "auth.permission",
    "pk": 59,
    "fields": {
        "name": "Can delete Cupon",
        "content_type": 15,
        "codename": "delete_cupon"
    }
},
{
    "model": "auth.permission",
    "pk": 60,
    "fields": {
        "name": "Can view Cupon",
        "content_type": 15,
        "codename": "view_cupon"
    }
},
{
    "model": "auth.permission",
    "pk": 61,
    "fields": {
        "name": "Can add carrito",
        "content_type": 16,
        "codename": "add_carrito"
    }
},
{
    "model": "auth.permission",
    "pk": 62,
    "fields": {
        "name": "Can change carrito",
        "content_type": 16,
        "codename": "change_carrito"
    }
},
{
    "model": "auth.permission",
    "pk": 63,
    "fields": {
        "name": "Can delete carrito",
        "content_type": 16,
        "codename": "delete_carrito"
    }
},
{
    "model": "auth.permission",
    "pk": 64,
    "fields": {
        "name": "Can view carrito",
        "content_type": 16,
        "codename": "view_carrito"
    }
},
{
    "model": "auth.group",
    "pk": 1,
    "fields": {
        "name": "comensales",
        "permissions": [
            16,
            36,
            41,
            42,
            43,
            44,
            28,
            40,
            48,
            32
        ]
    }
},
{
    "model": "auth.group",
    "pk": 2,
    "fields": {
        "name": "administradores",
        "permissions": [
            1,
            2,
            3,
            4,
            9,
            10,
            11,
            12,
            5,
            6,
            7,
            8,
            13,
            14,
            15,
            16,
            21,
            22,
            23,
            24,
            33,
            34,
            35,
            36,
            41,
            42,
            43,
            44,
            25,
            26,
            27,
            28,
            37,
            38,
            39,
            40,
            45,
            46,
            47,
            48,
            29,
            30,
            31,
            32,
            17,
            18,
            19,
            20
        ]
    }
},
{
    "model": "contenttypes.contenttype",
    "pk": 1,
    "fields": {
        "app_label": "admin",
        "model": "logentry"
    }
},
{
    "model": "contenttypes.contenttype",
    "pk": 2,
    "fields": {
        "app_label": "auth",
        "model": "permission"
    }
},
{
    "model": "contenttypes.contenttype",
    "pk": 3,
    "fields": {
        "app_label": "auth",
        "model": "group"
    }
},
{
    "model": "contenttypes.contenttype",
    "pk": 4,
    "fields": {
        "app_label": "contenttypes",
        "model": "contenttype"
    }
},
{
    "model": "contenttypes.contenttype",
    "pk": 5,
    "fields": {
        "app_label": "sessions",
        "model": "session"
    }
},
{
    "model": "contenttypes.contenttype",
    "pk": 6,
    "fields": {
        "app_label": "mainApp",
        "model": "categoria"
    }
},
{
    "model": "contenttypes.contenttype",
    "pk": 7,
    "fields": {
        "app_label": "mainApp",
        "model": "platillo"
    }
},
{
    "model": "contenttypes.contenttype",
    "pk": 8,
    "fields": {
        "app_label": "mainApp",
        "model": "user"
    }
},
{
    "model": "contenttypes.contenttype",
    "pk": 9,
    "fields": {
        "app_label": "mainApp",
        "model": "orden"
    }
},
{
    "model": "contenttypes.contenttype",
    "pk": 10,
    "fields": {
        "app_label": "mainApp",
        "model": "role"
    }
},
{
    "model": "contenttypes.contenttype",
    "pk": 11,
    "fields": {
        "app_label": "mainApp",
        "model": "pedido"
    }
},
{
    "model": "contenttypes.contenttype",
    "pk": 12,
    "fields": {
        "app_label": "mainApp",
        "model": "subcategoria"
    }
},
{
    "model": "contenttypes.contenttype",
    "pk": 13,
    "fields": {
        "app_label": "mainApp",
        "model": "anuncio"
    }
},
{
    "model": "contenttypes.contenttype",
    "pk": 14,
    "fields": {
        "app_label": "mainApp",
        "model": "promocion"
    }
},
{
    "model": "contenttypes.contenttype",
    "pk": 15,
    "fields": {
        "app_label": "mainApp",
        "model": "cupon"
    }
},
{
    "model": "contenttypes.contenttype",
    "pk": 16,
    "fields": {
        "app_label": "mainApp",
        "model": "carrito"
    }
},
{
    "model": "sessions.session",
    "pk": "aj25hhldre6872cu85lm2stngvmzi8bc",
    "fields": {
        "session_data": ".eJxVjMEOwiAQBf-FsyFQYAGP3v0GsrAgVQNJaU_Gf9cmPej1zcx7sYDbWsM28hJmYmcm2el3i5geue2A7thunafe1mWOfFf4QQe_dsrPy-H-HVQc9Vsb4clasFpBkRCnJFFl4QiKU-hJGAIyVACyd05ENwlS2mqvpQDvErL3B8WzNv0:1pwnWy:diRV6M7-dsi3A5z6JywRFTn1hdVb9CHcr3Ka6MpO0Rc",
        "expire_date": "2023-05-24T17:23:12.877Z"
    }
},
{
    "model": "sessions.session",
    "pk": "f9uhneyrpfkicl29ykdokt84vqaer3jp",
    "fields": {
        "session_data": ".eJxVjMEOwiAQBf-FsyFQYAGP3v0GsrAgVQNJaU_Gf9cmPej1zcx7sYDbWsM28hJmYmcm2el3i5geue2A7thunafe1mWOfFf4QQe_dsrPy-H-HVQc9Vsb4clasFpBkRCnJFFl4QiKU-hJGAIyVACyd05ENwlS2mqvpQDvErL3B8WzNv0:1pvQh8:U_ncTZFPcCRanjECKy1-voYIUnWmUJwT8r8G4fRBW0I",
        "expire_date": "2023-05-20T22:48:02.106Z"
    }
},
{
    "model": "sessions.session",
    "pk": "ha2khendazo5a97pocqv85cbotp0rzmb",
    "fields": {
        "session_data": ".eJxVjMEOwiAQBf-FsyFQYAGP3v0GsrAgVQNJaU_Gf9cmPej1zcx7sYDbWsM28hJmYmcm2el3i5geue2A7thunafe1mWOfFf4QQe_dsrPy-H-HVQc9Vsb4clasFpBkRCnJFFl4QiKU-hJGAIyVACyd05ENwlS2mqvpQDvErL3B8WzNv0:1pxxdm:AhACVxHHqxAmv0ElqaoKJLYJqEAYcXP5lu7fMlzIx-s",
        "expire_date": "2023-05-27T22:23:02.927Z"
    }
},
{
    "model": "mainApp.user",
    "pk": 1,
    "fields": {
        "password": "pbkdf2_sha256$390000$p1PfuMeRiVgUO1v1OGucT6$Y+VKrRfrvKhWRrjK5reSd5kuXh3WnZhTWP0cnJral8g=",
        "last_login": "2023-05-13T22:23:02.918Z",
        "is_superuser": true,
        "username": "admin",
        "first_name": "",
        "last_name": "",
        "is_staff": true,
        "is_active": true,
        "date_joined": "2023-04-21T23:25:47Z",
        "email": "admin@afmin.com",
        "groups": [
            2
        ],
        "user_permissions": []
    }
},
{
    "model": "mainApp.user",
    "pk": 2,
    "fields": {
        "password": "pbkdf2_sha256$390000$3viYOd8rwFNgGsy3dTqHBn$9s+qwrmQLq5UUa7+NgE6iwsOq+aPvcBKtahbqOMxc0k=",
        "last_login": "2023-05-08T23:27:44.424Z",
        "is_superuser": false,
        "username": "nuevousuario",
        "first_name": "nuevo",
        "last_name": "usuario",
        "is_staff": false,
        "is_active": true,
        "date_joined": "2023-05-08T22:23:31.532Z",
        "email": "nuevo@usuario.com",
        "groups": [],
        "user_permissions": []
    }
},
{
    "model": "mainApp.user",
    "pk": 3,
    "fields": {
        "password": "pbkdf2_sha256$390000$AhGBaI2yAYyOvYtJ60soJT$KORmOHvuxM03JV59ThUx6B4wW/OiY/e65AA81qxOxT0=",
        "last_login": null,
        "is_superuser": false,
        "username": "mesa1",
        "first_name": "",
        "last_name": "",
        "is_staff": false,
        "is_active": true,
        "date_joined": "2023-05-09T01:12:10Z",
        "email": "mesa1@50amigos.com",
        "groups": [
            1
        ],
        "user_permissions": []
    }
},
{
    "model": "mainApp.user",
    "pk": 4,
    "fields": {
        "password": "pbkdf2_sha256$390000$4XFt1vkcIZ5Nm8kimodT4B$kkqqFmZznupqsoUzxVgsh0i20iQwHHWWj0+sZ0xjFuc=",
        "last_login": null,
        "is_superuser": false,
        "username": "mesa2",
        "first_name": "",
        "last_name": "",
        "is_staff": false,
        "is_active": true,
        "date_joined": "2023-05-09T01:12:50Z",
        "email": "mesa2@50amigos.com",
        "groups": [
            1
        ],
        "user_permissions": []
    }
},
{
    "model": "mainApp.user",
    "pk": 5,
    "fields": {
        "password": "pbkdf2_sha256$390000$Kekc4CC2lAPDnJ3kGjbcvq$K2X6ep/D0T1J8hmhlb8C0gnnbXzGq8/UUalzoCbyLsI=",
        "last_login": null,
        "is_superuser": false,
        "username": "mesa3",
        "first_name": "",
        "last_name": "",
        "is_staff": false,
        "is_active": true,
        "date_joined": "2023-05-09T01:13:33Z",
        "email": "mesa3@50amigos.com",
        "groups": [
            1
        ],
        "user_permissions": []
    }
},
{
    "model": "mainApp.user",
    "pk": 6,
    "fields": {
        "password": "pbkdf2_sha256$390000$6QP52MkkApgXtRZnPMvRXv$DOq2OVRpO23OcDVcnJErTW84Mw51ri7c3YaHzxokD7o=",
        "last_login": null,
        "is_superuser": false,
        "username": "mesa4",
        "first_name": "",
        "last_name": "",
        "is_staff": false,
        "is_active": true,
        "date_joined": "2023-05-09T01:13:57Z",
        "email": "mesa4@50amigos.com",
        "groups": [
            1
        ],
        "user_permissions": []
    }
},
{
    "model": "mainApp.user",
    "pk": 7,
    "fields": {
        "password": "pbkdf2_sha256$390000$MMa67aMWtDDBeKY5k035ze$3zf3LZxU3sna2ngDtyrDAS+4Ouvfh2M49i6qfoNUP+I=",
        "last_login": null,
        "is_superuser": false,
        "username": "mesa5",
        "first_name": "",
        "last_name": "",
        "is_staff": false,
        "is_active": true,
        "date_joined": "2023-05-09T01:14:30Z",
        "email": "mesa5@50amigos.com",
        "groups": [
            1
        ],
        "user_permissions": []
    }
},
{
    "model": "mainApp.user",
    "pk": 8,
    "fields": {
        "password": "pbkdf2_sha256$390000$f89GrdXqwV9unP3r5gm4JD$FtLputhpJcymbOVg3rqASfNjE10N0l0ChyfKnWlS69A=",
        "last_login": null,
        "is_superuser": false,
        "username": "mesa6",
        "first_name": "",
        "last_name": "",
        "is_staff": false,
        "is_active": true,
        "date_joined": "2023-05-09T01:14:50Z",
        "email": "mesa6@50amigos.com",
        "groups": [
            1
        ],
        "user_permissions": []
    }
},
{
    "model": "mainApp.categoria",
    "pk": 1,
    "fields": {
        "nombre": "Platos fuertes"
    }
},
{
    "model": "mainApp.categoria",
    "pk": 2,
    "fields": {
        "nombre": "Bebidas"
    }
},
{
    "model": "mainApp.categoria",
    "pk": 3,
    "fields": {
        "nombre": "Postres"
    }
},
{
    "model": "mainApp.categoria",
    "pk": 4,
    "fields": {
        "nombre": "Entradas"
    }
},
{
    "model": "mainApp.categoria",
    "pk": 5,
    "fields": {
        "nombre": "Especiales"
    }
},
{
    "model": "mainApp.categoria",
    "pk": 6,
    "fields": {
        "nombre": "Helados"
    }
},
{
    "model": "mainApp.subcategoria",
    "pk": 1,
    "fields": {
        "nombre": "Antojitos",
        "categoria": 1
    }
},
{
    "model": "mainApp.subcategoria",
    "pk": 2,
    "fields": {
        "nombre": "Bebidas embotelladas",
        "categoria": 2
    }
},
{
    "model": "mainApp.subcategoria",
    "pk": 4,
    "fields": {
        "nombre": "Retornables",
        "categoria": 2
    }
},
{
    "model": "mainApp.subcategoria",
    "pk": 5,
    "fields": {
        "nombre": "Cl├ísicos",
        "categoria": 3
    }
},
{
    "model": "mainApp.subcategoria",
    "pk": 6,
    "fields": {
        "nombre": "Cl├ísicos",
        "categoria": 4
    }
},
{
    "model": "mainApp.subcategoria",
    "pk": 7,
    "fields": {
        "nombre": "Cl├ísicos",
        "categoria": 6
    }
},
{
    "model": "mainApp.subcategoria",
    "pk": 8,
    "fields": {
        "nombre": "De temporada",
        "categoria": 5
    }
},
{
    "model": "mainApp.platillo",
    "pk": 1,
    "fields": {
        "nombre": "Flautas de pollo",
        "imagen": "https://assets.unileversolutions.com/recipes-v2/239669.jpg",
        "categoria": 1,
        "subcategoria": 1,
        "precio": "100.00",
        "ingredientes": "Tortillas de ma├¡z,Pollo,Crema,Queso"
    }
},
{
    "model": "mainApp.platillo",
    "pk": 2,
    "fields": {
        "nombre": "Gordita de maciza",
        "imagen": "https://images.squarespace-cdn.com/content/v1/58eeae76ff7c50fa313c951e/1496937485850-STK2BOJM5PNQKR86560A/gorditas-zacazonapan",
        "categoria": 1,
        "subcategoria": 1,
        "precio": "50.00",
        "ingredientes": null
    }
},
{
    "model": "mainApp.platillo",
    "pk": 3,
    "fields": {
        "nombre": "Botella de agua",
        "imagen": "https://d1zc67o3u1epb0.cloudfront.net/media/catalog/product/cache/23527bda4807566b561286b47d9060f4/1/5/15576.jpg",
        "categoria": 2,
        "subcategoria": 2,
        "precio": "20.00",
        "ingredientes": "600 ml"
    }
},
{
    "model": "mainApp.platillo",
    "pk": 4,
    "fields": {
        "nombre": "Coca-cola",
        "imagen": "https://cdn.shopify.com/s/files/1/0279/8151/2798/products/RE0015_761x.jpg?v=1600970250",
        "categoria": 2,
        "subcategoria": 2,
        "precio": "25.00",
        "ingredientes": "600 ml"
    }
},
{
    "model": "mainApp.platillo",
    "pk": 5,
    "fields": {
        "nombre": "Sidral",
        "imagen": "https://www.super-deli.com.mx/161-thickbox_default/sidral-mundet-600-ml.jpg",
        "categoria": 2,
        "subcategoria": 2,
        "precio": "25.00",
        "ingredientes": "600 ml"
    }
},
{
    "model": "mainApp.platillo",
    "pk": 6,
    "fields": {
        "nombre": "Boing mango",
        "imagen": "https://mexgrocer.com.es/wp-content/uploads/2019/08/jugo-de-mango-237ml-boing-1.jpg",
        "categoria": 2,
        "subcategoria": 4,
        "precio": "25.00",
        "ingredientes": null
    }
},
{
    "model": "mainApp.platillo",
    "pk": 7,
    "fields": {
        "nombre": "Flan napolitano",
        "imagen": "https://saboryestilo.com.mx/wp-content/uploads/2021/08/Receta-flan-napolitano.jpg",
        "categoria": 3,
        "subcategoria": 5,
        "precio": "50.00",
        "ingredientes": null
    }
},
{
    "model": "mainApp.platillo",
    "pk": 8,
    "fields": {
        "nombre": "Pastel de chocolate",
        "imagen": "https://i.blogs.es/27bdbe/tarta-chocolate-vino1/840_560.jpg",
        "categoria": 3,
        "subcategoria": 5,
        "precio": "50.00",
        "ingredientes": null
    }
},
{
    "model": "mainApp.platillo",
    "pk": 9,
    "fields": {
        "nombre": "Arroz blanco con verduras",
        "imagen": "https://cdn2.cocinadelirante.com/sites/default/files/styles/gallerie/public/images/2021/05/como-hacer-arroz-blanco-con-verduras-receta.jpg",
        "categoria": 4,
        "subcategoria": 6,
        "precio": "50.00",
        "ingredientes": null
    }
},
{
    "model": "mainApp.platillo",
    "pk": 10,
    "fields": {
        "nombre": "Sopa de letras",
        "imagen": "https://www.gastrolabweb.com/u/fotografias/m/2021/10/8/f768x1-19902_20029_0.jpg",
        "categoria": 4,
        "subcategoria": 6,
        "precio": "50.00",
        "ingredientes": null
    }
},
{
    "model": "mainApp.platillo",
    "pk": 11,
    "fields": {
        "nombre": "Helado de chocolate",
        "imagen": "https://wayumix.com/wp-content/uploads/2021/10/helado-de-chocolate-6-1.jpg",
        "categoria": 6,
        "subcategoria": 7,
        "precio": "0.00",
        "ingredientes": null
    }
},
{
    "model": "mainApp.platillo",
    "pk": 12,
    "fields": {
        "nombre": "Helado de fresa",
        "imagen": "https://editorialtelevisa.brightspotcdn.com/wp-content/uploads/2022/01/helado-de-fresa.jpg",
        "categoria": 6,
        "subcategoria": 7,
        "precio": "0.00",
        "ingredientes": null
    }
},
{
    "model": "mainApp.platillo",
    "pk": 13,
    "fields": {
        "nombre": "Helado de vainilla",
        "imagen": "https://www.comedera.com/wp-content/uploads/2022/05/Helado-de-vainilla-sin-azucar.jpg",
        "categoria": 6,
        "subcategoria": 7,
        "precio": "0.00",
        "ingredientes": ""
    }
},
{
    "model": "mainApp.platillo",
    "pk": 14,
    "fields": {
        "nombre": "Helado de lim├│n",
        "imagen": "https://i.ytimg.com/vi/SjXhrY1gqxY/maxresdefault.jpg",
        "categoria": 6,
        "subcategoria": 7,
        "precio": "0.00",
        "ingredientes": ""
    }
},
{
    "model": "mainApp.orden",
    "pk": 1,
    "fields": {
        "usuario": 1,
        "fecha": "2023-05-10T19:46:15.039Z",
        "total": null,
        "comentarios": "",
        "active": true,
        "helado_escogido": null
    }
},
{
    "model": "mainApp.pedido",
    "pk": 1,
    "fields": {
        "orden": null,
        "platillo": 2,
        "cantidad": 1
    }
},
{
    "model": "mainApp.pedido",
    "pk": 2,
    "fields": {
        "orden": null,
        "platillo": 1,
        "cantidad": 1
    }
},
{
    "model": "mainApp.pedido",
    "pk": 3,
    "fields": {
        "orden": null,
        "platillo": 1,
        "cantidad": 1
    }
},
{
    "model": "mainApp.pedido",
    "pk": 4,
    "fields": {
        "orden": null,
        "platillo": 2,
        "cantidad": 1
    }
},
{
    "model": "mainApp.pedido",
    "pk": 5,
    "fields": {
        "orden": null,
        "platillo": 2,
        "cantidad": 1
    }
},
{
    "model": "mainApp.pedido",
    "pk": 6,
    "fields": {
        "orden": null,
        "platillo": 1,
        "cantidad": 1
    }
},
{
    "model": "mainApp.pedido",
    "pk": 7,
    "fields": {
        "orden": null,
        "platillo": 1,
        "cantidad": 2
    }
},
{
    "model": "mainApp.pedido",
    "pk": 8,
    "fields": {
        "orden": null,
        "platillo": 1,
        "cantidad": 2
    }
},
{
    "model": "mainApp.pedido",
    "pk": 9,
    "fields": {
        "orden": null,
        "platillo": 2,
        "cantidad": 1
    }
},
{
    "model": "mainApp.pedido",
    "pk": 10,
    "fields": {
        "orden": null,
        "platillo": 9,
        "cantidad": 4
    }
},
{
    "model": "mainApp.pedido",
    "pk": 11,
    "fields": {
        "orden": null,
        "platillo": 9,
        "cantidad": 2
    }
},
{
    "model": "mainApp.pedido",
    "pk": 12,
    "fields": {
        "orden": null,
        "platillo": 10,
        "cantidad": 4
    }
},
{
    "model": "mainApp.pedido",
    "pk": 13,
    "fields": {
        "orden": null,
        "platillo": 2,
        "cantidad": 2
    }
},
{
    "model": "mainApp.pedido",
    "pk": 14,
    "fields": {
        "orden": null,
        "platillo": 1,
        "cantidad": 3
    }
},
{
    "model": "mainApp.pedido",
    "pk": 15,
    "fields": {
        "orden": null,
        "platillo": 1,
        "cantidad": 3
    }
},
{
    "model": "mainApp.pedido",
    "pk": 16,
    "fields": {
        "orden": null,
        "platillo": 1,
        "cantidad": 3
    }
},
{
    "model": "mainApp.pedido",
    "pk": 17,
    "fields": {
        "orden": null,
        "platillo": 1,
        "cantidad": 3
    }
},
{
    "model": "mainApp.pedido",
    "pk": 18,
    "fields": {
        "orden": null,
        "platillo": 14,
        "cantidad": 1
    }
},
{
    "model": "mainApp.pedido",
    "pk": 19,
    "fields": {
        "orden": null,
        "platillo": 14,
        "cantidad": 2
    }
},
{
    "model": "mainApp.pedido",
    "pk": 20,
    "fields": {
        "orden": null,
        "platillo": 14,
        "cantidad": 2
    }
},
{
    "model": "mainApp.pedido",
    "pk": 21,
    "fields": {
        "orden": null,
        "platillo": 10,
        "cantidad": 10
    }
},
{
    "model": "mainApp.pedido",
    "pk": 22,
    "fields": {
        "orden": null,
        "platillo": 1,
        "cantidad": 1
    }
},
{
    "model": "mainApp.pedido",
    "pk": 23,
    "fields": {
        "orden": null,
        "platillo": 2,
        "cantidad": 5
    }
},
{
    "model": "mainApp.pedido",
    "pk": 24,
    "fields": {
        "orden": null,
        "platillo": 1,
        "cantidad": 1
    }
},
{
    "model": "mainApp.pedido",
    "pk": 25,
    "fields": {
        "orden": null,
        "platillo": 2,
        "cantidad": 3
    }
},
{
    "model": "mainApp.pedido",
    "pk": 26,
    "fields": {
        "orden": null,
        "platillo": 4,
        "cantidad": 5
    }
},
{
    "model": "mainApp.pedido",
    "pk": 27,
    "fields": {
        "orden": null,
        "platillo": 8,
        "cantidad": 4
    }
},
{
    "model": "mainApp.pedido",
    "pk": 28,
    "fields": {
        "orden": null,
        "platillo": 1,
        "cantidad": 1
    }
}
]
